"","time","stock","variable","value","L1"
"1",1,4.5,"GP",4.38916172046179,1
"2",2,4.25728029956531,"GP",4.08772366490147,1
"3",3,3.95961222433844,"GP",3.72150814685122,1
"4",4,3.43339246652605,"GP",3.09218074672971,1
"5",5,2.69159266386126,"GP",2.26800185387395,1
"6",6,2.00820256739182,"GP",1.5972361338142,1
"7",7,1.17379260948758,"GP",0.914461374325612,1
"8",8,0.512989328023596,"GP",0.485955779105563,1
"25",1,4.5,"Allen",4.5,1
"26",2,4.25728029956531,"Allen",4.35085391986246,1
"27",3,3.95961222433844,"Allen",4.03175891827826,1
"28",4,3.43339246652605,"Allen",3.64315576408367,1
"29",5,2.69159266386126,"Allen",2.97400627561771,1
"30",6,2.00820256739182,"Allen",2.098517796978,1
"31",7,1.17379260948758,"Allen",1.39159287254132,1
"32",8,0.512989328023596,"Allen",0.685444222392082,1
"33",1,4.5,"Ricker",4.5,1
"34",2,4.25728029956531,"Ricker",4.8167336734343,1
"35",3,3.95961222433844,"Ricker",4.58467806400799,1
"36",4,3.43339246652605,"Ricker",4.29598343659951,1
"37",5,2.69159266386126,"Ricker",3.7744121107176,1
"38",6,2.00820256739182,"Ricker",3.0143439831745,1
"39",7,1.17379260948758,"Ricker",2.28777937158978,1
"40",8,0.512989328023596,"Ricker",1.36540520375644,1
"41",1,4.5,"Myers",4.5,1
"42",2,4.25728029956531,"Myers",4.85315831852953,1
"43",3,3.95961222433844,"Myers",4.58296212016117,1
"44",4,3.43339246652605,"Myers",4.24208717041938,1
"45",5,2.69159266386126,"Myers",3.61639036949966,1
"46",6,2.00820256739182,"Myers",2.69775676425274,1
"47",7,1.17379260948758,"Myers",1.8431461169505,1
"48",8,0.512989328023596,"Myers",0.867529500723637,1
"49",1,4.5,"GP",4.91603387969829,2
"50",2,4.25728029956531,"GP",4.63731151632048,2
"51",3,3.95961222433844,"GP",4.28946160647615,2
"52",4,3.43339246652605,"GP",3.66363111285171,2
"53",5,2.69159266386126,"GP",2.77460098830133,2
"54",6,2.00820256739182,"GP",1.96963981848242,2
"55",7,1.17379260948758,"GP",1.03505560579508,2
"56",8,0.512989328023596,"GP",0.352975566794216,2
"73",1,4.5,"Allen",4.5,2
"74",2,4.25728029956531,"Allen",4.55246089850879,2
"75",3,3.95961222433844,"Allen",4.26581177506556,2
"76",4,3.43339246652605,"Allen",3.91308877471029,2
"77",5,2.69159266386126,"Allen",3.29280559811127,2
"78",6,2.00820256739182,"Allen",2.44487055620641,2
"79",7,1.17379260948758,"Allen",1.71354059904171,2
"80",8,0.512989328023596,"Allen",0.912991934478704,2
"81",1,4.5,"Ricker",4.5,2
"82",2,4.25728029956531,"Ricker",4.61855129416376,2
"83",3,3.95961222433844,"Ricker",4.37132066539357,2
"84",4,3.43339246652605,"Ricker",4.06782828631948,2
"85",5,2.69159266386126,"Ricker",3.53052408364633,2
"86",6,2.00820256739182,"Ricker",2.77138634728215,2
"87",7,1.17379260948758,"Ricker",2.07024728447665,2
"88",8,0.512989328023596,"Ricker",1.21185175940938,2
"89",1,4.5,"Myers",4.5,2
"90",2,4.25728029956531,"Myers",5.16026319132837,2
"91",3,3.95961222433844,"Myers",4.94114873030666,2
"92",4,3.43339246652605,"Myers",4.66575602135926,2
"93",5,2.69159266386126,"Myers",4.15983341372481,2
"94",6,2.00820256739182,"Myers",3.40121425486551,2
"95",7,1.17379260948758,"Myers",2.64884472205019,2
"96",8,0.512989328023596,"Myers",1.64693445163844,2
"97",1,4.5,"GP",4.67853869780739,3
"98",2,4.25728029956531,"GP",4.39428396050813,3
"99",3,3.95961222433844,"GP",4.04604706724622,3
"100",4,3.43339246652605,"GP",3.43938828372055,3
"101",5,2.69159266386126,"GP",2.62714014962653,3
"102",6,2.00820256739182,"GP",1.94975628775979,3
"103",7,1.17379260948758,"GP",1.24582630559075,3
"104",8,0.512989328023596,"GP",0.799901079383691,3
"121",1,4.5,"Allen",4.5,3
"122",2,4.25728029956531,"Allen",4.72554389432215,3
"123",3,3.95961222433844,"Allen",4.43860116712472,3
"124",4,3.43339246652605,"Allen",4.08341052843717,3
"125",5,2.69159266386126,"Allen",3.45345787535183,3
"126",6,2.00820256739182,"Allen",2.58187507404872,3
"127",7,1.17379260948758,"Allen",1.82069788181561,3
"128",8,0.512989328023596,"Allen",0.977111606750611,3
"129",1,4.5,"Ricker",4.5,3
"130",2,4.25728029956531,"Ricker",4.81596296388648,3
"131",3,3.95961222433844,"Ricker",4.58043423277398,3
"132",4,3.43339246652605,"Ricker",4.28797642967376,3
"133",5,2.69159266386126,"Ricker",3.76112541463627,3
"134",6,2.00820256739182,"Ricker",2.99670863040609,3
"135",7,1.17379260948758,"Ricker",2.26949442552016,3
"136",8,0.512989328023596,"Ricker",1.35092986529915,3
"137",1,4.5,"Myers",4.5,3
"138",2,4.25728029956531,"Myers",5.04041238483765,3
"139",3,3.95961222433844,"Myers",4.81568633266764,3
"140",4,3.43339246652605,"Myers",4.53545987807122,3
"141",5,2.69159266386126,"Myers",4.02678816766869,3
"142",6,2.00820256739182,"Myers",3.27768220554845,3
"143",7,1.17379260948758,"Myers",2.54869184915496,3
"144",8,0.512989328023596,"Myers",1.59372526844182,3
"145",1,4.5,"GP",4.42005212765813,4
"146",2,4.25728029956531,"GP",4.11786960338321,4
"147",3,3.95961222433844,"GP",3.74832619830263,4
"148",4,3.43339246652605,"GP",3.10649865166713,4
"149",5,2.69159266386126,"GP",2.25179071100412,4
"150",6,2.00820256739182,"GP",1.54415372719824,4
"151",7,1.17379260948758,"GP",0.815598698187893,4
"152",8,0.512989328023596,"GP",0.359092810600342,4
"169",1,4.5,"Allen",4.5,4
"170",2,4.25728029956531,"Allen",4.27436184473309,4
"171",3,3.95961222433844,"Allen",3.9124424230939,4
"172",4,3.43339246652605,"Allen",3.4756276786326,4
"173",5,2.69159266386126,"Allen",2.73868607488783,4
"174",6,2.00820256739182,"Allen",1.81771975892529,4
"175",7,1.17379260948758,"Allen",1.12594794976111,4
"176",8,0.512989328023596,"Allen",0.50254542651339,4
"177",1,4.5,"Ricker",4.5,4
"178",2,4.25728029956531,"Ricker",4.89035602049945,4
"179",3,3.95961222433844,"Ricker",4.66111361814757,4
"180",4,3.43339246652605,"Ricker",4.37492579468048,4
"181",5,2.69159266386126,"Ricker",3.85516566186008,4
"182",6,2.00820256739182,"Ricker",3.09171083903816,4
"183",7,1.17379260948758,"Ricker",2.35553642282136,4
"184",8,0.512989328023596,"Ricker",1.41245892984785,4
"185",1,4.5,"Myers",4.5,4
"186",2,4.25728029956531,"Myers",4.802644035897,4
"187",3,3.95961222433844,"Myers",4.56046887896942,4
"188",4,3.43339246652605,"Myers",4.25763108531125,4
"189",5,2.69159266386126,"Myers",3.70695303910977,4
"190",6,2.00820256739182,"Myers",2.90001660484923,4
"191",7,1.17379260948758,"Myers",2.13136513378058,4
"192",8,0.512989328023596,"Myers",1.1810375997836,4
"193",1,4.5,"GP",4.54136741702357,5
"194",2,4.25728029956531,"GP",4.22383532911346,5
"195",3,3.95961222433844,"GP",3.83414597463958,5
"196",4,3.43339246652605,"GP",3.15184372198833,5
"197",5,2.69159266386126,"GP",2.22406090069902,5
"198",6,2.00820256739182,"GP",1.42679695243158,5
"199",7,1.17379260948758,"GP",0.560414316700791,5
"200",8,0.512989328023596,"GP",-0.016895285382126,5
"217",1,4.5,"Allen",4.5,5
"218",2,4.25728029956531,"Allen",4.84871011819555,5
"219",3,3.95961222433844,"Allen",4.58558899377473,5
"220",4,3.43339246652605,"Allen",4.25781973888151,5
"221",5,2.69159266386126,"Allen",3.66865029180953,5
"222",6,2.00820256739182,"Allen",2.82967243657153,5
"223",7,1.17379260948758,"Allen",2.06416459872223,5
"224",8,0.512989328023596,"Allen",1.1622436075641,5
"225",1,4.5,"Ricker",4.5,5
"226",2,4.25728029956531,"Ricker",4.63240139305599,5
"227",3,3.95961222433844,"Ricker",4.38611270898975,5
"228",4,3.43339246652605,"Ricker",4.08351526280994,5
"229",5,2.69159266386126,"Ricker",3.54708975165913,5
"230",6,2.00820256739182,"Ricker",2.78765849370294,5
"231",7,1.17379260948758,"Ricker",2.08465454912306,5
"232",8,0.512989328023596,"Ricker",1.22189665671524,5
"233",1,4.5,"Myers",4.5,5
"234",2,4.25728029956531,"Myers",4.78832604575178,5
"235",3,3.95961222433844,"Myers",4.49518013836764,5
"236",4,3.43339246652605,"Myers",4.12282322367882,5
"237",5,2.69159266386126,"Myers",3.43563184747938,5
"238",6,2.00820256739182,"Myers",2.43366156787936,5
"239",7,1.17379260948758,"Myers",1.53642566918564,5
"240",8,0.512989328023596,"Myers",0.609195288535649,5
"241",1,4.5,"GP",4.44374835707259,6
"242",2,4.25728029956531,"GP",4.13714734629165,6
"243",3,3.95961222433844,"GP",3.76020890647073,6
"244",4,3.43339246652605,"GP",3.10023132861393,6
"245",5,2.69159266386126,"GP",2.20957222285181,6
"246",6,2.00820256739182,"GP",1.45832754392344,6
"247",7,1.17379260948758,"GP",0.661819588582187,6
"248",8,0.512989328023596,"GP",0.138244210868259,6
"265",1,4.5,"Allen",4.5,6
"266",2,4.25728029956531,"Allen",4.74398954616348,6
"267",3,3.95961222433844,"Allen",4.48809412734624,6
"268",4,3.43339246652605,"Allen",4.17093012254756,6
"269",5,2.69159266386126,"Allen",3.60370331679691,6
"270",6,2.00820256739182,"Allen",2.79776099221778,6
"271",7,1.17379260948758,"Allen",2.05879138838147,6
"272",8,0.512989328023596,"Allen",1.17581155677586,6
"273",1,4.5,"Ricker",4.5,6
"274",2,4.25728029956531,"Ricker",4.93657538957597,6
"275",3,3.95961222433844,"Ricker",4.70181241854326,6
"276",4,3.43339246652605,"Ricker",4.40926807990289,6
"277",5,2.69159266386126,"Ricker",3.8794258195349,6
"278",6,2.00820256739182,"Ricker",3.10439381449815,6
"279",7,1.17379260948758,"Ricker",2.3604555364911,6
"280",8,0.512989328023596,"Ricker",1.41194311844606,6
"281",1,4.5,"Myers",4.5,6
"282",2,4.25728029956531,"Myers",4.88288751206794,6
"283",3,3.95961222433844,"Myers",4.63906363733229,6
"284",4,3.43339246652605,"Myers",4.33515946273653,6
"285",5,2.69159266386126,"Myers",3.78492920987902,6
"286",6,2.00820256739182,"Myers",2.98234734613166,6
"287",7,1.17379260948758,"Myers",2.21844579893388,6
"288",8,0.512989328023596,"Myers",1.26548662159958,6
"289",1,4.5,"GP",4.22053718937663,7
"290",2,4.25728029956531,"GP",3.87869712595475,7
"291",3,3.95961222433844,"GP",3.46167524042031,7
"292",4,3.43339246652605,"GP",2.74244914257501,7
"293",5,2.69159266386126,"GP",1.80237636712368,7
"294",6,2.00820256739182,"GP",1.05082525408132,7
"295",7,1.17379260948758,"GP",0.324433889065184,7
"296",8,0.512989328023596,"GP",-0.0835905522458206,7
"313",1,4.5,"Allen",4.5,7
"314",2,4.25728029956531,"Allen",4.7175934963755,7
"315",3,3.95961222433844,"Allen",4.46667011080099,7
"316",4,3.43339246652605,"Allen",4.15564769178463,7
"317",5,2.69159266386126,"Allen",3.59893208608162,7
"318",6,2.00820256739182,"Allen",2.80560118108157,7
"319",7,1.17379260948758,"Allen",2.07417044425118,7
"320",8,0.512989328023596,"Allen",1.19264059775774,7
"321",1,4.5,"Ricker",4.5,7
"322",2,4.25728029956531,"Ricker",4.53896453776088,7
"323",3,3.95961222433844,"Ricker",4.29476563708099,7
"324",4,3.43339246652605,"Ricker",3.99518670874211,7
"325",5,2.69159266386126,"Ricker",3.46532799605543,7
"326",6,2.00820256739182,"Ricker",2.71783205644161,7
"327",7,1.17379260948758,"Ricker",2.02860753347664,7
"328",8,0.512989328023596,"Ricker",1.18631026530344,7
"329",1,4.5,"Myers",4.5,7
"330",2,4.25728029956531,"Myers",4.64169686403235,7
"331",3,3.95961222433844,"Myers",4.38901271849338,7
"332",4,3.43339246652605,"Myers",4.07614775102732,7
"333",5,2.69159266386126,"Myers",3.51589017329443,7
"334",6,2.00820256739182,"Myers",2.71433034183057,7
"335",7,1.17379260948758,"Myers",1.97116698370167,7
"336",8,0.512989328023596,"Myers",1.07786367167359,7
"337",1,4.5,"GP",4.53040654454623,8
"338",2,4.25728029956531,"GP",4.2279215884348,8
"339",3,3.95961222433844,"GP",3.85654453641802,8
"340",4,3.43339246652605,"GP",3.20583787325004,8
"341",5,2.69159266386126,"GP",2.32054448933704,8
"342",6,2.00820256739182,"GP",1.55947005924902,8
"343",7,1.17379260948758,"GP",0.728051260558571,8
"344",8,0.512989328023596,"GP",0.162632728585762,8
"361",1,4.5,"Allen",4.5,8
"362",2,4.25728029956531,"Allen",4.34519083878143,8
"363",3,3.95961222433844,"Allen",4.02318440852968,8
"364",4,3.43339246652605,"Allen",3.6312035039713,8
"365",5,2.69159266386126,"Allen",2.95704836217688,8
"366",6,2.00820256739182,"Allen",2.07766656037561,8
"367",7,1.17379260948758,"Allen",1.37116824214251,8
"368",8,0.512989328023596,"Allen",0.670679197054278,8
"369",1,4.5,"Ricker",4.5,8
"370",2,4.25728029956531,"Ricker",5.07001171321686,8
"371",3,3.95961222433844,"Ricker",4.84168389735583,8
"372",4,3.43339246652605,"Ricker",4.5551791356369,8
"373",5,2.69159266386126,"Ricker",4.03083636240116,8
"374",6,2.00820256739182,"Ricker",3.25171797662587,8
"375",7,1.17379260948758,"Ricker",2.49094411587831,8
"376",8,0.512989328023596,"Ricker",1.50359789235796,8
"377",1,4.5,"Myers",4.5,8
"378",2,4.25728029956531,"Myers",5.00979527808218,8
"379",3,3.95961222433844,"Myers",4.78636294822487,8
"380",4,3.43339246652605,"Myers",4.50767259315529,8
"381",5,2.69159266386126,"Myers",4.00159220945005,8
"382",6,2.00820256739182,"Myers",3.25593355649802,8
"383",7,1.17379260948758,"Myers",2.53006018174482,8
"384",8,0.512989328023596,"Myers",1.57935629576663,8
"385",1,4.5,"GP",4.19952966245479,9
"386",2,4.25728029956531,"GP",3.84052263187528,9
"387",3,3.95961222433844,"GP",3.40564271504855,9
"388",4,3.43339246652605,"GP",2.66739173261239,9
"389",5,2.69159266386126,"GP",1.73531024835139,9
"390",6,2.00820256739182,"GP",1.02656074830215,9
"391",7,1.17379260948758,"GP",0.376943846095951,9
"392",8,0.512989328023596,"GP",0.0201245347718976,9
"409",1,4.5,"Allen",4.5,9
"410",2,4.25728029956531,"Allen",4.57368674817045,9
"411",3,3.95961222433844,"Allen",4.23526355565607,9
"412",4,3.43339246652605,"Allen",3.82032594951811,9
"413",5,2.69159266386126,"Allen",3.10148636450826,9
"414",6,2.00820256739182,"Allen",2.16021343762613,9
"415",7,1.17379260948758,"Allen",1.40782267625645,9
"416",8,0.512989328023596,"Allen",0.67412050753984,9
"417",1,4.5,"Ricker",4.5,9
"418",2,4.25728029956531,"Ricker",5.11748493735045,9
"419",3,3.95961222433844,"Ricker",4.89031984008275,9
"420",4,3.43339246652605,"Ricker",4.60474829637832,9
"421",5,2.69159266386126,"Ricker",4.08066846670405,9
"422",6,2.00820256739182,"Ricker",3.29871777409441,9
"423",7,1.17379260948758,"Ricker",2.53175603721965,9
"424",8,0.512989328023596,"Ricker",1.53178425746298,9
"425",1,4.5,"Myers",4.5,9
"426",2,4.25728029956531,"Myers",4.77498974162419,9
"427",3,3.95961222433844,"Myers",4.51653734878689,9
"428",4,3.43339246652605,"Myers",4.19476858985666,9
"429",5,2.69159266386126,"Myers",3.61415967334755,9
"430",6,2.00820256739182,"Myers",2.77567121327202,9
"431",7,1.17379260948758,"Myers",1.9939654689893,9
"432",8,0.512989328023596,"Myers",1.05916042503296,9
"433",1,4.5,"GP",4.9336521217072,10
"434",2,4.25728029956531,"GP",4.64335762272549,10
"435",3,3.95961222433844,"GP",4.28030556170727,10
"436",4,3.43339246652605,"GP",3.62759861995374,10
"437",5,2.69159266386126,"GP",2.71021952338828,10
"438",6,2.00820256739182,"GP",1.90173628320099,10
"439",7,1.17379260948758,"GP",1.00974869133729,10
"440",8,0.512989328023596,"GP",0.407923569155127,10
"457",1,4.5,"Allen",4.5,10
"458",2,4.25728029956531,"Allen",4.69190439640355,10
"459",3,3.95961222433844,"Allen",4.42409917517421,10
"460",4,3.43339246652605,"Allen",4.09302954940633,10
"461",5,2.69159266386126,"Allen",3.50446764436689,10
"462",6,2.00820256739182,"Allen",2.67958631152393,10
"463",7,1.17379260948758,"Allen",1.93942769437804,10
"464",8,0.512989328023596,"Allen",1.08188551270805,10
"465",1,4.5,"Ricker",4.5,10
"466",2,4.25728029956531,"Ricker",5.08696356367235,10
"467",3,3.95961222433844,"Ricker",4.85951422283365,10
"468",4,3.43339246652605,"Ricker",4.57384952176342,10
"469",5,2.69159266386126,"Ricker",4.05032395212304,10
"470",6,2.00820256739182,"Ricker",3.27081511900333,10
"471",7,1.17379260948758,"Ricker",2.50795837019382,10
"472",8,0.512989328023596,"Ricker",1.51562784840264,10
"473",1,4.5,"Myers",4.5,10
"474",2,4.25728029956531,"Myers",5.17970931198633,10
"475",3,3.95961222433844,"Myers",4.97140654195449,10
"476",4,3.43339246652605,"Myers",4.71050495269165,10
"477",5,2.69159266386126,"Myers",4.2332427236912,10
"478",6,2.00820256739182,"Myers",3.52004241146737,10
"479",7,1.17379260948758,"Myers",2.81066581791507,10
"480",8,0.512989328023596,"Myers",1.84796951962883,10
"481",1,4.5,"GP",4.56935094368778,11
"482",2,4.25728029956531,"GP",4.27916322739922,11
"483",3,3.95961222433844,"GP",3.92378581009415,11
"484",4,3.43339246652605,"GP",3.30421412393919,11
"485",5,2.69159266386126,"GP",2.46952319763981,11
"486",6,2.00820256739182,"GP",1.76173206996271,11
"487",7,1.17379260948758,"GP",1.00298047191553,11
"488",8,0.512989328023596,"GP",0.501294800122495,11
"505",1,4.5,"Allen",4.5,11
"506",2,4.25728029956531,"Allen",4.73224212882327,11
"507",3,3.95961222433844,"Allen",4.4413398406636,11
"508",4,3.43339246652605,"Allen",4.08041745867596,11
"509",5,2.69159266386126,"Allen",3.43927400926737,11
"510",6,2.00820256739182,"Allen",2.55351808222951,11
"511",7,1.17379260948758,"Allen",1.78524649393643,11
"512",8,0.512989328023596,"Allen",0.945302141695123,11
"513",1,4.5,"Ricker",4.5,11
"514",2,4.25728029956531,"Ricker",5.06528498970646,11
"515",3,3.95961222433844,"Ricker",4.83627705940823,11
"516",4,3.43339246652605,"Ricker",4.54906212041976,11
"517",5,2.69159266386126,"Ricker",4.02381253530327,11
"518",6,2.00820256739182,"Ricker",3.24422070640321,11
"519",7,1.17379260948758,"Ricker",2.48390938332604,11
"520",8,0.512989328023596,"Ricker",1.4984002158998,11
"521",1,4.5,"Myers",4.5,11
"522",2,4.25728029956531,"Myers",4.79613218823567,11
"523",3,3.95961222433844,"Myers",4.53479697119017,11
"524",4,3.43339246652605,"Myers",4.20514277683354,11
"525",5,2.69159266386126,"Myers",3.599740315102,11
"526",6,2.00820256739182,"Myers",2.70838988260035,11
"527",7,1.17379260948758,"Myers",1.87314038706851,11
"528",8,0.512989328023596,"Myers",0.904438117223779,11
"529",1,4.5,"GP",4.64530440799749,12
"530",2,4.25728029956531,"GP",4.33784181203115,12
"531",3,3.95961222433844,"GP",3.95827047879643,12
"532",4,3.43339246652605,"GP",3.29069867097042,12
"533",5,2.69159266386126,"GP",2.38681250734037,12
"534",6,2.00820256739182,"GP",1.62461399410326,12
"535",7,1.17379260948758,"GP",0.819041211144949,12
"536",8,0.512989328023596,"GP",0.291028102012759,12
"553",1,4.5,"Allen",4.5,12
"554",2,4.25728029956531,"Allen",4.60451738552979,12
"555",3,3.95961222433844,"Allen",4.32396065395437,12
"556",4,3.43339246652605,"Allen",3.9789344934369,12
"557",5,2.69159266386126,"Allen",3.37132148051126,12
"558",6,2.00820256739182,"Allen",2.53476667583918,12
"559",7,1.17379260948758,"Allen",1.8025063189448,12
"560",8,0.512989328023596,"Allen",0.981313774045189,12
"561",1,4.5,"Ricker",4.5,12
"562",2,4.25728029956531,"Ricker",4.68343302957549,12
"563",3,3.95961222433844,"Ricker",4.44169720579267,12
"564",4,3.43339246652605,"Ricker",4.14357632359978,12
"565",5,2.69159266386126,"Ricker",3.61205921777483,12
"566",6,2.00820256739182,"Ricker",2.85295751522599,12
"567",7,1.17379260948758,"Ricker",2.14334349690261,12
"568",8,0.512989328023596,"Ricker",1.26338728822324,12
"569",1,4.5,"Myers",4.5,12
"570",2,4.25728029956531,"Myers",4.59912826688988,12
"571",3,3.95961222433844,"Myers",4.28243921672509,12
"572",4,3.43339246652605,"Myers",3.88180721812259,12
"573",5,2.69159266386126,"Myers",3.15052750937836,12
"574",6,2.00820256739182,"Myers",2.11616168001438,12
"575",7,1.17379260948758,"Myers",1.24252330029382,12
"576",8,0.512989328023596,"Myers",0.427942694501562,12
"577",1,4.5,"GP",4.7345128818216,13
"578",2,4.25728029956531,"GP",4.43276901237759,13
"579",3,3.95961222433844,"GP",4.06179983510068,13
"580",4,3.43339246652605,"GP",3.41166297911989,13
"581",5,2.69159266386126,"GP",2.52985132276469,13
"582",6,2.00820256739182,"GP",1.77719543403962,13
"583",7,1.17379260948758,"GP",0.964060424059367,13
"584",8,0.512989328023596,"GP",0.419152487214474,13
"601",1,4.5,"Allen",4.5,13
"602",2,4.25728029956531,"Allen",4.80182815963425,13
"603",3,3.95961222433844,"Allen",4.53051094012899,13
"604",4,3.43339246652605,"Allen",4.19278571729294,13
"605",5,2.69159266386126,"Allen",3.58764031203253,13
"606",6,2.00820256739182,"Allen",2.73379071696447,13
"607",7,1.17379260948758,"Allen",1.96721766370267,13
"608",8,0.512989328023596,"Allen",1.08591001630289,13
"609",1,4.5,"Ricker",4.5,13
"610",2,4.25728029956531,"Ricker",4.70658601446533,13
"611",3,3.95961222433844,"Ricker",4.46862185932209,13
"612",4,3.43339246652605,"Ricker",4.17438314843002,13
"613",5,2.69159266386126,"Ricker",3.6476983410004,13
"614",6,2.00820256739182,"Ricker",2.89091561128322,13
"615",7,1.17379260948758,"Ricker",2.17867132873684,13
"616",8,0.512989328023596,"Ricker",1.28913018620014,13
"617",1,4.5,"Myers",4.5,13
"618",2,4.25728029956531,"Myers",5.07768191444766,13
"619",3,3.95961222433844,"Myers",4.85796163201727,13
"620",4,3.43339246652605,"Myers",4.58372458180667,13
"621",5,2.69159266386126,"Myers",4.08506040275353,13
"622",6,2.00820256739182,"Myers",3.34802083869576,13
"623",7,1.17379260948758,"Myers",2.62644904025359,13
"624",8,0.512989328023596,"Myers",1.67101062767142,13
"625",1,4.5,"GP",4.52769050470418,14
"626",2,4.25728029956531,"GP",4.2009395457578,14
"627",3,3.95961222433844,"GP",3.80042858487144,14
"628",4,3.43339246652605,"GP",3.10631887634262,14
"629",5,2.69159266386126,"GP",2.19669193101314,14
"630",6,2.00820256739182,"GP",1.47120280231366,14
"631",7,1.17379260948758,"GP",0.773187920150967,14
"632",8,0.512989328023596,"GP",0.379257511113977,14
"649",1,4.5,"Allen",4.5,14
"650",2,4.25728029956531,"Allen",4.35811350923125,14
"651",3,3.95961222433844,"Allen",4.06757226860924,14
"652",4,3.43339246652605,"Allen",3.71338108196298,14
"653",5,2.69159266386126,"Allen",3.09882485059565,14
"654",6,2.00820256739182,"Allen",2.2747097587807,14
"655",7,1.17379260948758,"Allen",1.57811969037591,14
"656",8,0.512989328023596,"Allen",0.830805728756356,14
"657",1,4.5,"Ricker",4.5,14
"658",2,4.25728029956531,"Ricker",4.61652687604698,14
"659",3,3.95961222433844,"Ricker",4.37906177670792,14
"660",4,3.43339246652605,"Ricker",4.0860802126619,14
"661",5,2.69159266386126,"Ricker",3.5633802275694,14
"662",6,2.00820256739182,"Ricker",2.81611491060812,14
"663",7,1.17379260948758,"Ricker",2.11677695971159,14
"664",8,0.512989328023596,"Ricker",1.24852867313029,14
"665",1,4.5,"Myers",4.5,14
"666",2,4.25728029956531,"Myers",5.08464270235483,14
"667",3,3.95961222433844,"Myers",4.86518175626056,14
"668",4,3.43339246652605,"Myers",4.58986012684401,14
"669",5,2.69159266386126,"Myers",4.08551900969746,14
"670",6,2.00820256739182,"Myers",3.33271151017648,14
"671",7,1.17379260948758,"Myers",2.59003201165292,14
"672",8,0.512989328023596,"Myers",1.60668877897031,14
"673",1,4.5,"GP",4.84596120489768,15
"674",2,4.25728029956531,"GP",4.5563508070704,15
"675",3,3.95961222433844,"GP",4.19868818141662,15
"676",4,3.43339246652605,"GP",3.56848148265962,15
"677",5,2.69159266386126,"GP",2.71034197758209,15
"678",6,2.00820256739182,"GP",1.97952499488148,15
"679",7,1.17379260948758,"GP",1.19654759468723,15
"680",8,0.512989328023596,"GP",0.675647389013137,15
"697",1,4.5,"Allen",4.5,15
"698",2,4.25728029956531,"Allen",4.15953753699052,15
"699",3,3.95961222433844,"Allen",3.80066297584299,15
"700",4,3.43339246652605,"Allen",3.3690414607012,15
"701",5,2.69159266386126,"Allen",2.64452475095935,15
"702",6,2.00820256739182,"Allen",1.7456686656173,15
"703",7,1.17379260948758,"Allen",1.07584357518349,15
"704",8,0.512989328023596,"Allen",0.477187095856377,15
"705",1,4.5,"Ricker",4.5,15
"706",2,4.25728029956531,"Ricker",4.85782121722098,15
"707",3,3.95961222433844,"Ricker",4.6211794154449,15
"708",4,3.43339246652605,"Ricker",4.32719265732442,15
"709",5,2.69159266386126,"Ricker",3.79718700468368,15
"710",6,2.00820256739182,"Ricker",3.02731066698932,15
"711",7,1.17379260948758,"Ricker",2.29397546456439,15
"712",8,0.512989328023596,"Ricker",1.36645158623799,15
"713",1,4.5,"Myers",4.5,15
"714",2,4.25728029956531,"Myers",5.01887147338357,15
"715",3,3.95961222433844,"Myers",4.79101282484123,15
"716",4,3.43339246652605,"Myers",4.50621031565086,15
"717",5,2.69159266386126,"Myers",3.98764374848242,15
"718",6,2.00820256739182,"Myers",3.22159834917646,15
"719",7,1.17379260948758,"Myers",2.47611245854757,15
"720",8,0.512989328023596,"Myers",1.50730354084514,15
"721",1,4.5,"GP",4.5741816967738,16
"722",2,4.25728029956531,"GP",4.29780596768036,16
"723",3,3.95961222433844,"GP",3.96147345972861,16
"724",4,3.43339246652605,"GP",3.37839207304536,16
"725",5,2.69159266386126,"GP",2.59003246843026,16
"726",6,2.00820256739182,"GP",1.90302862711835,16
"727",7,1.17379260948758,"GP",1.11624234770626,16
"728",8,0.512989328023596,"GP",0.535907219943109,16
"745",1,4.5,"Allen",4.5,16
"746",2,4.25728029956531,"Allen",4.39731011907128,16
"747",3,3.95961222433844,"Allen",4.12855099352277,16
"748",4,3.43339246652605,"Allen",3.79989840307019,16
"749",5,2.69159266386126,"Allen",3.22471672923036,16
"750",6,2.00820256739182,"Allen",2.43636918567111,16
"751",7,1.17379260948758,"Allen",1.74508341435752,16
"752",8,0.512989328023596,"Allen",0.961872960852293,16
"753",1,4.5,"Ricker",4.5,16
"754",2,4.25728029956531,"Ricker",4.75607736220524,16
"755",3,3.95961222433844,"Ricker",4.52393245536823,16
"756",4,3.43339246652605,"Ricker",4.2356047691375,16
"757",5,2.69159266386126,"Ricker",3.71599885576835,16
"758",6,2.00820256739182,"Ricker",2.961664063088,16
"759",7,1.17379260948758,"Ricker",2.24358952937943,16
"760",8,0.512989328023596,"Ricker",1.33597175703453,16
"761",1,4.5,"Myers",4.5,16
"762",2,4.25728029956531,"Myers",5.18343568200729,16
"763",3,3.95961222433844,"Myers",4.96014926761188,16
"764",4,3.43339246652605,"Myers",4.67920269871255,16
"765",5,2.69159266386126,"Myers",4.16237250750147,16
"766",6,2.00820256739182,"Myers",3.38655608722866,16
"767",7,1.17379260948758,"Myers",2.61786985021298,16
"768",8,0.512989328023596,"Myers",1.60045366174978,16
"769",1,4.5,"GP",4.36338987920876,17
"770",2,4.25728029956531,"GP",4.03105212982519,17
"771",3,3.95961222433844,"GP",3.62488483495019,17
"772",4,3.43339246652605,"GP",2.92307019376259,17
"773",5,2.69159266386126,"GP",2.00527527057217,17
"774",6,2.00820256739182,"GP",1.27353804537306,17
"775",7,1.17379260948758,"GP",0.570875742415095,17
"776",8,0.512989328023596,"GP",0.180346244619523,17
"793",1,4.5,"Allen",4.5,17
"794",2,4.25728029956531,"Allen",4.58249274975686,17
"795",3,3.95961222433844,"Allen",4.27677763861452,17
"796",4,3.43339246652605,"Allen",3.90025904960544,17
"797",5,2.69159266386126,"Allen",3.24004871125542,17
"798",6,2.00820256739182,"Allen",2.34955686773228,17
"799",7,1.17379260948758,"Allen",1.60219253675188,17
"800",8,0.512989328023596,"Allen",0.819491088425905,17
"801",1,4.5,"Ricker",4.5,17
"802",2,4.25728029956531,"Ricker",4.79092536224238,17
"803",3,3.95961222433844,"Ricker",4.55331199212273,17
"804",4,3.43339246652605,"Ricker",4.25878985166637,17
"805",5,2.69159266386126,"Ricker",3.72964595678148,17
"806",6,2.00820256739182,"Ricker",2.96503655231525,17
"807",7,1.17379260948758,"Ricker",2.24091983285983,17
"808",8,0.512989328023596,"Ricker",1.33059338556657,17
"809",1,4.5,"Myers",4.5,17
"810",2,4.25728029956531,"Myers",4.61426380244411,17
"811",3,3.95961222433844,"Myers",4.35877211424948,17
"812",4,3.43339246652605,"Myers",4.04313332989948,17
"813",5,2.69159266386126,"Myers",3.47984015576697,17
"814",6,2.00820256739182,"Myers",2.67821236810835,17
"815",7,1.17379260948758,"Myers",1.93943229601372,17
"816",8,0.512989328023596,"Myers",1.05697335629213,17
"817",1,4.5,"GP",4.17642430659225,18
"818",2,4.25728029956531,"GP",3.82372729796061,18
"819",3,3.95961222433844,"GP",3.39502553883839,18
"820",4,3.43339246652605,"GP",2.66308921990912,18
"821",5,2.69159266386126,"GP",1.73109717245103,18
"822",6,2.00820256739182,"GP",1.01864037109553,18
"823",7,1.17379260948758,"GP",0.373113214912971,18
"824",8,0.512989328023596,"GP",0.0382065008046374,18
"841",1,4.5,"Allen",4.5,18
"842",2,4.25728029956531,"Allen",4.35620206939853,18
"843",3,3.95961222433844,"Allen",4.01685797832341,18
"844",4,3.43339246652605,"Allen",3.60487836481011,18
"845",5,2.69159266386126,"Allen",2.9009347820921,18
"846",6,2.00820256739182,"Allen",1.99656325141984,18
"847",7,1.17379260948758,"Allen",1.28758012637276,18
"848",8,0.512989328023596,"Allen",0.609079154822302,18
"849",1,4.5,"Ricker",4.5,18
"850",2,4.25728029956531,"Ricker",5.04684893424548,18
"851",3,3.95961222433844,"Ricker",4.81458577507147,18
"852",4,3.43339246652605,"Ricker",4.52394689495539,18
"853",5,2.69159266386126,"Ricker",3.9942394835889,18
"854",6,2.00820256739182,"Ricker",3.21203331529901,18
"855",7,1.17379260948758,"Ricker",2.45339459044518,18
"856",8,0.512989328023596,"Ricker",1.47567970923173,18
"857",1,4.5,"Myers",4.5,18
"858",2,4.25728029956531,"Myers",5.28150003308152,18
"859",3,3.95961222433844,"Myers",5.07074544641181,18
"860",4,3.43339246652605,"Myers",4.80618931908649,18
"861",5,2.69159266386126,"Myers",4.32064532100114,18
"862",6,2.00820256739182,"Myers",3.59159545945736,18
"863",7,1.17379260948758,"Myers",2.86309890869525,18
"864",8,0.512989328023596,"Myers",1.8715125525043,18
"865",1,4.5,"GP",4.40504604338426,19
"866",2,4.25728029956531,"GP",4.08303501256422,19
"867",3,3.95961222433844,"GP",3.68988841913805,19
"868",4,3.43339246652605,"GP",3.0098681969485,19
"869",5,2.69159266386126,"GP",2.11195601875502,19
"870",6,2.00820256739182,"GP",1.37575352603931,19
"871",7,1.17379260948758,"GP",0.620577229111783,19
"872",8,0.512989328023596,"GP",0.139780565973389,19
"889",1,4.5,"Allen",4.5,19
"890",2,4.25728029956531,"Allen",4.4652030534404,19
"891",3,3.95961222433844,"Allen",4.18305439357969,19
"892",4,3.43339246652605,"Allen",3.83672695375563,19
"893",5,2.69159266386126,"Allen",3.22940356508282,19
"894",6,2.00820256739182,"Allen",2.40114305706996,19
"895",7,1.17379260948758,"Allen",1.68684155666473,19
"896",8,0.512989328023596,"Allen",0.902582627514828,19
"897",1,4.5,"Ricker",4.5,19
"898",2,4.25728029956531,"Ricker",4.96941628656987,19
"899",3,3.95961222433844,"Ricker",4.73380123190383,19
"900",4,3.43339246652605,"Ricker",4.44008290615968,19
"901",5,2.69159266386126,"Ricker",3.90780780489492,19
"902",6,2.00820256739182,"Ricker",3.12853887690705,19
"903",7,1.17379260948758,"Ricker",2.37981887045018,19
"904",8,0.512989328023596,"Ricker",1.42425951012681,19
"905",1,4.5,"Myers",4.5,19
"906",2,4.25728029956531,"Myers",4.74967617549608,19
"907",3,3.95961222433844,"Myers",4.51763444412425,19
"908",4,3.43339246652605,"Myers",4.22948712565056,19
"909",5,2.69159266386126,"Myers",3.71026282886615,19
"910",6,2.00820256739182,"Myers",2.95636092312595,19
"911",7,1.17379260948758,"Myers",2.23834146429595,19
"912",8,0.512989328023596,"Myers",1.33036042101874,19
"913",1,4.5,"GP",4.30130415287083,20
"914",2,4.25728029956531,"GP",3.96610603645991,20
"915",3,3.95961222433844,"GP",3.5591395965199,20
"916",4,3.43339246652605,"GP",2.86320386338887,20
"917",5,2.69159266386126,"GP",1.96542619197297,20
"918",6,2.00820256739182,"GP",1.25358659645492,20
"919",7,1.17379260948758,"GP",0.555552146871694,20
"920",8,0.512989328023596,"GP",0.138173870410534,20
"937",1,4.5,"Allen",4.5,20
"938",2,4.25728029956531,"Allen",4.60053608328901,20
"939",3,3.95961222433844,"Allen",4.32029810634847,20
"940",4,3.43339246652605,"Allen",3.97539207768955,20
"941",5,2.69159266386126,"Allen",3.36747297668415,20
"942",6,2.00820256739182,"Allen",2.53001504606536,20
"943",7,1.17379260948758,"Allen",1.79720440285036,20
"944",8,0.512989328023596,"Allen",0.976651289929512,20
"945",1,4.5,"Ricker",4.5,20
"946",2,4.25728029956531,"Ricker",5.09776550433543,20
"947",3,3.95961222433844,"Ricker",4.872670160186,20
"948",4,3.43339246652605,"Ricker",4.58950891812554,20
"949",5,2.69159266386126,"Ricker",4.06932578692238,20
"950",6,2.00820256739182,"Ricker",3.29201419713967,20
"951",7,1.17379260948758,"Ricker",2.52835564140783,20
"952",8,0.512989328023596,"Ricker",1.53101668533664,20
"953",1,4.5,"Myers",4.5,20
"954",2,4.25728029956531,"Myers",4.69443820285031,20
"955",3,3.95961222433844,"Myers",4.39155933194725,20
"956",4,3.43339246652605,"Myers",4.00877110924538,20
"957",5,2.69159266386126,"Myers",3.30856361840781,20
"958",6,2.00820256739182,"Myers",2.30438698872421,20
"959",7,1.17379260948758,"Myers",1.42591428472078,20
"960",8,0.512989328023596,"Myers",0.546457292145207,20
"961",1,4.5,"GP",4.76559625411606,21
"962",2,4.25728029956531,"GP",4.48335138158399,21
"963",3,3.95961222433844,"GP",4.13523704550706,21
"964",4,3.43339246652605,"GP",3.52178899744381,21
"965",5,2.69159266386126,"GP",2.68350788187938,21
"966",6,2.00820256739182,"GP",1.9649061917851,21
"967",7,1.17379260948758,"GP",1.19017655361897,21
"968",8,0.512989328023596,"GP",0.67482198312497,21
"985",1,4.5,"Allen",4.5,21
"986",2,4.25728029956531,"Allen",4.72111759926313,21
"987",3,3.95961222433844,"Allen",4.44216828362735,21
"988",4,3.43339246652605,"Allen",4.09710562793768,21
"989",5,2.69159266386126,"Allen",3.48451659775573,21
"990",6,2.00820256739182,"Allen",2.63206997387883,21
"991",7,1.17379260948758,"Allen",1.87845552058841,21
"992",8,0.512989328023596,"Allen",1.02626786477713,21
"993",1,4.5,"Ricker",4.5,21
"994",2,4.25728029956531,"Ricker",4.60751058319306,21
"995",3,3.95961222433844,"Ricker",4.35974372199183,21
"996",4,3.43339246652605,"Ricker",4.0557690252563,21
"997",5,2.69159266386126,"Ricker",3.51808530899956,21
"998",6,2.00820256739182,"Ricker",2.75944108183394,21
"999",7,1.17379260948758,"Ricker",2.05982421527139,21
"1000",8,0.512989328023596,"Ricker",1.20467933133449,21
"1001",1,4.5,"Myers",4.5,21
"1002",2,4.25728029956531,"Myers",4.81100368870613,21
"1003",3,3.95961222433844,"Myers",4.51804727966402,21
"1004",4,3.43339246652605,"Myers",4.14430811281559,21
"1005",5,2.69159266386126,"Myers",3.45050105625014,21
"1006",6,2.00820256739182,"Myers",2.43246592333821,21
"1007",7,1.17379260948758,"Myers",1.51975237641563,21
"1008",8,0.512989328023596,"Myers",0.5864679253834,21
"1009",1,4.5,"GP",4.18024087809453,22
"1010",2,4.25728029956531,"GP",3.81455073518059,22
"1011",3,3.95961222433844,"GP",3.37128770558165,22
"1012",4,3.43339246652605,"GP",2.6178164355548,22
"1013",5,2.69159266386126,"GP",1.66581297667366,22
"1014",6,2.00820256739182,"GP",0.948821467467793,22
"1015",7,1.17379260948758,"GP",0.326693735018637,22
"1016",8,0.512989328023596,"GP",0.0452709982474873,22
"1033",1,4.5,"Allen",4.5,22
"1034",2,4.25728029956531,"Allen",4.63638115958733,22
"1035",3,3.95961222433844,"Allen",4.33709786177232,22
"1036",4,3.43339246652605,"Allen",3.96826348377848,22
"1037",5,2.69159266386126,"Allen",3.31965974374045,22
"1038",6,2.00820256739182,"Allen",2.43740375879721,22
"1039",7,1.17379260948758,"Allen",1.68574322560972,22
"1040",8,0.512989328023596,"Allen",0.880281296322599,22
"1041",1,4.5,"Ricker",4.5,22
"1042",2,4.25728029956531,"Ricker",5.03080474149476,22
"1043",3,3.95961222433844,"Ricker",4.80453614998614,22
"1044",4,3.43339246652605,"Ricker",4.52056830529926,22
"1045",5,2.69159266386126,"Ricker",4.00073946520683,22
"1046",6,2.00820256739182,"Ricker",3.22804120444141,22
"1047",7,1.17379260948758,"Ricker",2.47323219711127,22
"1048",8,0.512989328023596,"Ricker",1.49322012667812,22
"1049",1,4.5,"Myers",4.5,22
"1050",2,4.25728029956531,"Myers",4.8324425971635,22
"1051",3,3.95961222433844,"Myers",4.5631795951962,22
"1052",4,3.43339246652605,"Myers",4.22215251618946,22
"1053",5,2.69159266386126,"Myers",3.5929085130563,22
"1054",6,2.00820256739182,"Myers",2.66398209499557,22
"1055",7,1.17379260948758,"Myers",1.79917986538919,22
"1056",8,0.512989328023596,"Myers",0.822565240018795,22
"1057",1,4.5,"GP",4.80466798951729,23
"1058",2,4.25728029956531,"GP",4.5198956844116,23
"1059",3,3.95961222433844,"GP",4.1691821230922,23
"1060",4,3.43339246652605,"GP",3.55376399148212,23
"1061",5,2.69159266386126,"GP",2.72070061914031,23
"1062",6,2.00820256739182,"GP",2.01521806901437,23
"1063",7,1.17379260948758,"GP",1.26234426353283,23
"1064",8,0.512989328023596,"GP",0.7621100204377,23
"1081",1,4.5,"Allen",4.5,23
"1082",2,4.25728029956531,"Allen",4.64683124737449,23
"1083",3,3.95961222433844,"Allen",4.37670134609221,23
"1084",4,3.43339246652605,"Allen",4.04223230402004,23
"1085",5,2.69159266386126,"Allen",3.44727459299392,23
"1086",6,2.00820256739182,"Allen",2.61586912903313,23
"1087",7,1.17379260948758,"Allen",1.87615265638341,23
"1088",8,0.512989328023596,"Allen",1.03220812428951,23
"1089",1,4.5,"Ricker",4.5,23
"1090",2,4.25728029956531,"Ricker",4.86979476076777,23
"1091",3,3.95961222433844,"Ricker",4.63654578108357,23
"1092",4,3.43339246652605,"Ricker",4.34615183661174,23
"1093",5,2.69159266386126,"Ricker",3.82092429270603,23
"1094",6,2.00820256739182,"Ricker",3.05423290567791,23
"1095",7,1.17379260948758,"Ricker",2.31997326479811,23
"1096",8,0.512989328023596,"Ricker",1.3860194907448,23
"1097",1,4.5,"Myers",4.5,23
"1098",2,4.25728029956531,"Myers",4.59390628357138,23
"1099",3,3.95961222433844,"Myers",4.28959787174902,23
"1100",4,3.43339246652605,"Myers",3.90554894638379,23
"1101",5,2.69159266386126,"Myers",3.20520062922058,23
"1102",6,2.00820256739182,"Myers",2.20807999756922,23
"1103",7,1.17379260948758,"Myers",1.3467187967308,23
"1104",8,0.512989328023596,"Myers",0.502173289611093,23
"1105",1,4.5,"GP",4.23013012107291,24
"1106",2,4.25728029956531,"GP",3.88821639610918,24
"1107",3,3.95961222433844,"GP",3.47272569295507,24
"1108",4,3.43339246652605,"GP",2.76253878934775,24
"1109",5,2.69159266386126,"GP",1.85468825383485,24
"1110",6,2.00820256739182,"GP",1.1578062321787,24
"1111",7,1.17379260948758,"GP",0.529343000926115,24
"1112",8,0.512989328023596,"GP",0.214270424606311,24
"1129",1,4.5,"Allen",4.5,24
"1130",2,4.25728029956531,"Allen",4.89547870484382,24
"1131",3,3.95961222433844,"Allen",4.63484885437258,24
"1132",4,3.43339246652605,"Allen",4.30983952993325,24
"1133",5,2.69159266386126,"Allen",3.72433238839817,24
"1134",6,2.00820256739182,"Allen",2.88661294287696,24
"1135",7,1.17379260948758,"Allen",2.11677474480534,24
"1136",8,0.512989328023596,"Allen",1.20072315280235,24
"1137",1,4.5,"Ricker",4.5,24
"1138",2,4.25728029956531,"Ricker",5.24083994505146,24
"1139",3,3.95961222433844,"Ricker",5.01102817785103,24
"1140",4,3.43339246652605,"Ricker",4.72167680611584,24
"1141",5,2.69159266386126,"Ricker",4.18941510361204,24
"1142",6,2.00820256739182,"Ricker",3.39247610720054,24
"1143",7,1.17379260948758,"Ricker",2.60785851692679,24
"1144",8,0.512989328023596,"Ricker",1.58089456761854,24
"1145",1,4.5,"Myers",4.5,24
"1146",2,4.25728029956531,"Myers",4.48399769072444,24
"1147",3,3.95961222433844,"Myers",4.21001857445937,24
"1148",4,3.43339246652605,"Myers",3.87065551150691,24
"1149",5,2.69159266386126,"Myers",3.26457215995472,24
"1150",6,2.00820256739182,"Myers",2.40917111966291,24
"1151",7,1.17379260948758,"Myers",1.64264611915245,24
"1152",8,0.512989328023596,"Myers",0.787732195384157,24
"1153",1,4.5,"GP",4.5347859151274,25
"1154",2,4.25728029956531,"GP",4.23583309746013,25
"1155",3,3.95961222433844,"GP",3.87102826002573,25
"1156",4,3.43339246652605,"GP",3.239484618363,25
"1157",5,2.69159266386126,"GP",2.40136003026523,25
"1158",6,2.00820256739182,"GP",1.70628399229903,25
"1159",7,1.17379260948758,"GP",0.979033082829072,25
"1160",8,0.512989328023596,"GP",0.503664270187453,25
"1177",1,4.5,"Allen",4.5,25
"1178",2,4.25728029956531,"Allen",4.45650164159505,25
"1179",3,3.95961222433844,"Allen",4.1585440347363,25
"1180",4,3.43339246652605,"Allen",3.79311491122581,25
"1181",5,2.69159266386126,"Allen",3.15518933873295,25
"1182",6,2.00820256739182,"Allen",2.2972380283812,25
"1183",7,1.17379260948758,"Allen",1.57585948871843,25
"1184",8,0.512989328023596,"Allen",0.81426762113389,25
"1185",1,4.5,"Ricker",4.5,25
"1186",2,4.25728029956531,"Ricker",4.66703108852182,25
"1187",3,3.95961222433844,"Ricker",4.42979133014981,25
"1188",4,3.43339246652605,"Ricker",4.13664865510011,25
"1189",5,2.69159266386126,"Ricker",3.61246937946459,25
"1190",6,2.00820256739182,"Ricker",2.86047762145132,25
"1191",7,1.17379260948758,"Ricker",2.15398575923639,25
"1192",8,0.512989328023596,"Ricker",1.2732628358175,25
"1193",1,4.5,"Myers",4.5,25
"1194",2,4.25728029956531,"Myers",4.62570980391058,25
"1195",3,3.95961222433844,"Myers",4.37343483118317,25
"1196",4,3.43339246652605,"Myers",4.06055077602413,25
"1197",5,2.69159266386126,"Myers",3.49899798187205,25
"1198",6,2.00820256739182,"Myers",2.69357880209704,25
"1199",7,1.17379260948758,"Myers",1.94623821743795,25
"1200",8,0.512989328023596,"Myers",1.051061515687,25
"1201",1,4.5,"GP",4.61448075407188,26
"1202",2,4.25728029956531,"GP",4.30334748447502,26
"1203",3,3.95961222433844,"GP",3.91952904397301,26
"1204",4,3.43339246652605,"GP",3.24377343901715,26
"1205",5,2.69159266386126,"GP",2.32316314291561,26
"1206",6,2.00820256739182,"GP",1.53751755431314,26
"1207",7,1.17379260948758,"GP",0.694409970218516,26
"1208",8,0.512989328023596,"GP",0.135210191245591,26
"1225",1,4.5,"Allen",4.5,26
"1226",2,4.25728029956531,"Allen",4.35834800029535,26
"1227",3,3.95961222433844,"Allen",4.06291262774108,26
"1228",4,3.43339246652605,"Allen",3.70246526022355,26
"1229",5,2.69159266386126,"Allen",3.0772069301578,26
"1230",6,2.00820256739182,"Allen",2.24168274562286,26
"1231",7,1.17379260948758,"Allen",1.54127466203347,26
"1232",8,0.512989328023596,"Allen",0.800484880983008,26
"1233",1,4.5,"Ricker",4.5,26
"1234",2,4.25728029956531,"Ricker",4.55496911641775,26
"1235",3,3.95961222433844,"Ricker",4.31380656647287,26
"1236",4,3.43339246652605,"Ricker",4.017350243159,26
"1237",5,2.69159266386126,"Ricker",3.49138722498445,26
"1238",6,2.00820256739182,"Ricker",2.74584489035732,26
"1239",7,1.17379260948758,"Ricker",2.05473900264896,26
"1240",8,0.512989328023596,"Ricker",1.20533123297101,26
"1241",1,4.5,"Myers",4.5,26
"1242",2,4.25728029956531,"Myers",4.85280472175624,26
"1243",3,3.95961222433844,"Myers",4.62135003792438,26
"1244",4,3.43339246652605,"Myers",4.33325784395334,26
"1245",5,2.69159266386126,"Myers",3.8122081927825,26
"1246",6,2.00820256739182,"Myers",3.0510845623241,26
"1247",7,1.17379260948758,"Myers",2.32084973764779,26
"1248",8,0.512989328023596,"Myers",1.38916037126803,26
"1249",1,4.5,"GP",4.41501213900237,27
"1250",2,4.25728029956531,"GP",4.10608303354022,27
"1251",3,3.95961222433844,"GP",3.73074286541956,27
"1252",4,3.43339246652605,"GP",3.08633724977544,27
"1253",5,2.69159266386126,"GP",2.2438706486075,27
"1254",6,2.00820256739182,"GP",1.55678592374838,27
"1255",7,1.17379260948758,"GP",0.846175566128203,27
"1256",8,0.512989328023596,"GP",0.381943492446918,27
"1273",1,4.5,"Allen",4.5,27
"1274",2,4.25728029956531,"Allen",4.25293508535915,27
"1275",3,3.95961222433844,"Allen",3.92730803513177,27
"1276",4,3.43339246652605,"Allen",3.53250609287349,27
"1277",5,2.69159266386126,"Allen",2.85789393268372,27
"1278",6,2.00820256739182,"Allen",1.98749878571327,27
"1279",7,1.17379260948758,"Allen",1.297936904663,27
"1280",8,0.512989328023596,"Allen",0.625890906140142,27
"1281",1,4.5,"Ricker",4.5,27
"1282",2,4.25728029956531,"Ricker",4.7551630827673,27
"1283",3,3.95961222433844,"Ricker",4.51462888282771,27
"1284",4,3.43339246652605,"Ricker",4.21723022076246,27
"1285",5,2.69159266386126,"Ricker",3.68493763911209,27
"1286",6,2.00820256739182,"Ricker",2.92020356578067,27
"1287",7,1.17379260948758,"Ricker",2.20058706198599,27
"1288",8,0.512989328023596,"Ricker",1.30198480740771,27
"1289",1,4.5,"Myers",4.5,27
"1290",2,4.25728029956531,"Myers",4.91625521566696,27
"1291",3,3.95961222433844,"Myers",4.6734787524447,27
"1292",4,3.43339246652605,"Myers",4.36763498585104,27
"1293",5,2.69159266386126,"Myers",3.80550078170073,27
"1294",6,2.00820256739182,"Myers",2.96979788695585,27
"1295",7,1.17379260948758,"Myers",2.16457235922964,27
"1296",8,0.512989328023596,"Myers",1.16808678409892,27
"1297",1,4.5,"GP",4.29895378151554,28
"1298",2,4.25728029956531,"GP",3.96174433237786,28
"1299",3,3.95961222433844,"GP",3.55418379716138,28
"1300",4,3.43339246652605,"GP",2.86409972554939,28
"1301",5,2.69159266386126,"GP",1.99635396236949,28
"1302",6,2.00820256739182,"GP",1.3431968886078,28
"1303",7,1.17379260948758,"GP",0.763999675924938,28
"1304",8,0.512989328023596,"GP",0.473451445546945,28
"1321",1,4.5,"Allen",4.5,28
"1322",2,4.25728029956531,"Allen",4.57376220913523,28
"1323",3,3.95961222433844,"Allen",4.26958769065944,28
"1324",4,3.43339246652605,"Allen",3.89552910275144,28
"1325",5,2.69159266386126,"Allen",3.24049701630909,28
"1326",6,2.00820256739182,"Allen",2.3570347479544,28
"1327",7,1.17379260948758,"Allen",1.61369153909583,28
"1328",8,0.512989328023596,"Allen",0.830653911694926,28
"1329",1,4.5,"Ricker",4.5,28
"1330",2,4.25728029956531,"Ricker",4.82021164773654,28
"1331",3,3.95961222433844,"Ricker",4.58188336852909,28
"1332",4,3.43339246652605,"Ricker",4.28635935511052,28
"1333",5,2.69159266386126,"Ricker",3.75510044837824,28
"1334",6,2.00820256739182,"Ricker",2.98674184589424,28
"1335",7,1.17379260948758,"Ricker",2.2583477312026,28
"1336",8,0.512989328023596,"Ricker",1.34168392014715,28
"1337",1,4.5,"Myers",4.5,28
"1338",2,4.25728029956531,"Myers",4.75929578532884,28
"1339",3,3.95961222433844,"Myers",4.492032244776,28
"1340",4,3.43339246652605,"Myers",4.15572475622181,28
"1341",5,2.69159266386126,"Myers",3.54070983263793,28
"1342",6,2.00820256739182,"Myers",2.64223301655212,28
"1343",7,1.17379260948758,"Myers",1.8095162035377,28
"1344",8,0.512989328023596,"Myers",0.85878207631293,28
"1345",1,4.5,"GP",4.35892748031038,29
"1346",2,4.25728029956531,"GP",4.01295785323161,29
"1347",3,3.95961222433844,"GP",3.58862168935384,29
"1348",4,3.43339246652605,"GP",2.85254233994936,29
"1349",5,2.69159266386126,"GP",1.88599522520881,29
"1350",6,2.00820256739182,"GP",1.11174734785029,29
"1351",7,1.17379260948758,"GP",0.360692649189863,29
"1352",8,0.512989328023596,"GP",-0.0666822131000087,29
"1369",1,4.5,"Allen",4.5,29
"1370",2,4.25728029956531,"Allen",4.17312102079198,29
"1371",3,3.95961222433844,"Allen",3.84266775302626,29
"1372",4,3.43339246652605,"Allen",3.44341701197298,29
"1373",5,2.69159266386126,"Allen",2.76536760549204,29
"1374",6,2.00820256739182,"Allen",1.90027485496016,29
"1375",7,1.17379260948758,"Allen",1.22536219859549,29
"1376",8,0.512989328023596,"Allen",0.580592816752943,29
"1377",1,4.5,"Ricker",4.5,29
"1378",2,4.25728029956531,"Ricker",4.98329106767717,29
"1379",3,3.95961222433844,"Ricker",4.74993677646259,29
"1380",4,3.43339246652605,"Ricker",4.45857683976161,29
"1381",5,2.69159266386126,"Ricker",3.92931722033076,29
"1382",6,2.00820256739182,"Ricker",3.15167378152224,29
"1383",7,1.17379260948758,"Ricker",2.40156959582708,29
"1384",8,0.512989328023596,"Ricker",1.44031690370058,29
"1385",1,4.5,"Myers",4.5,29
"1386",2,4.25728029956531,"Myers",4.98120818240645,29
"1387",3,3.95961222433844,"Myers",4.74369757835439,29
"1388",4,3.43339246652605,"Myers",4.44583361238266,29
"1389",5,2.69159266386126,"Myers",3.90138956594527,29
"1390",6,2.00820256739182,"Myers",3.09546337171431,29
"1391",7,1.17379260948758,"Myers",2.31573568284413,29
"1392",8,0.512989328023596,"Myers",1.32707376664395,29
"1393",1,4.5,"GP",4.53037021363883,30
"1394",2,4.25728029956531,"GP",4.22993405066496,30
"1395",3,3.95961222433844,"GP",3.86018889188786,30
"1396",4,3.43339246652605,"GP",3.21014883213599,30
"1397",5,2.69159266386126,"GP",2.32180232483222,30
"1398",6,2.00820256739182,"GP",1.5547616576982,30
"1399",7,1.17379260948758,"GP",0.712044909074008,30
"1400",8,0.512989328023596,"GP",0.133032954945388,30
"1417",1,4.5,"Allen",4.5,30
"1418",2,4.25728029956531,"Allen",5.01350761370557,30
"1419",3,3.95961222433844,"Allen",4.74064149452078,30
"1420",4,3.43339246652605,"Allen",4.39788784378545,30
"1421",5,2.69159266386126,"Allen",3.77648086290333,30
"1422",6,2.00820256739182,"Allen",2.88743043457209,30
"1423",7,1.17379260948758,"Allen",2.08078653822301,30
"1424",8,0.512989328023596,"Allen",1.14814319827491,30
"1425",1,4.5,"Ricker",4.5,30
"1426",2,4.25728029956531,"Ricker",5.16976596790164,30
"1427",3,3.95961222433844,"Ricker",4.94301301508578,30
"1428",4,3.43339246652605,"Ricker",4.65752225495561,30
"1429",5,2.69159266386126,"Ricker",4.13238777191042,30
"1430",6,2.00820256739182,"Ricker",3.34617733432271,30
"1431",7,1.17379260948758,"Ricker",2.57218312872796,30
"1432",8,0.512989328023596,"Ricker",1.55920533019132,30
"1433",1,4.5,"Myers",4.5,30
"1434",2,4.25728029956531,"Myers",4.76370063703722,30
"1435",3,3.95961222433844,"Myers",4.5170823215697,30
"1436",4,3.43339246652605,"Myers",4.21131630712148,30
"1437",5,2.69159266386126,"Myers",3.662156411861,30
"1438",6,2.00820256739182,"Myers",2.87087056873497,30
"1439",7,1.17379260948758,"Myers",2.12755646235013,30
"1440",8,0.512989328023596,"Myers",1.21160278020058,30
