"","allee","replicate","sim","value","noise","L1"
"1",4,"1","1",0.993150684931507,0.01,1
"2",4,"2","1",1,0.01,1
"3",4,"3","1",0.992366412213741,0.01,1
"4",4,"4","1",0.993006993006993,0.01,1
"5",4,"5","1",0.99290780141844,0.01,1
"6",4,"6","1",1,0.01,1
"7",4,"7","1",1,0.01,1
"8",4,"8","1",0.992700729927007,0.01,1
"9",4,"9","1",0.992957746478873,0.01,1
"10",4,"10","1",1,0.01,1
"11",4,"11","1",0.992857142857143,0.01,1
"12",4,"12","1",0.992957746478873,0.01,1
"13",4,"13","1",1,0.01,1
"14",4,"14","1",0.991869918699187,0.01,1
"15",4,"15","1",0.992805755395683,0.01,1
"16",4,"16","1",1,0.01,1
"17",4,"17","1",0.992700729927007,0.01,1
"18",4,"18","1",1,0.01,1
"19",4,"19","1",1,0.01,1
"20",4,"20","1",0.99290780141844,0.01,1
"21",4,"21","1",1,0.01,1
"22",4,"22","1",0.993055555555555,0.01,1
"23",4,"23","1",0.992957746478873,0.01,1
"24",4,"24","1",0.992063492063492,0.01,1
"25",4,"25","1",1,0.01,1
"26",4,"26","1",1,0.01,1
"27",4,"27","1",1.00617283950617,0.01,1
"28",4,"28","1",0.991525423728813,0.01,1
"29",4,"29","1",0.993006993006993,0.01,1
"30",4,"30","1",1,0.01,1
"31",4,"31","1",1,0.01,1
"32",4,"32","1",1,0.01,1
"33",4,"33","1",0.992592592592593,0.01,1
"34",4,"34","1",0.992592592592593,0.01,1
"35",4,"35","1",0.992700729927007,0.01,1
"36",4,"36","1",1,0.01,1
"37",4,"37","1",0.992481203007519,0.01,1
"38",4,"38","1",1.00636942675159,0.01,1
"39",4,"39","1",0.992424242424242,0.01,1
"40",4,"40","1",1,0.01,1
"41",4,"41","1",0.99290780141844,0.01,1
"42",4,"42","1",0.992753623188406,0.01,1
"43",4,"43","1",1,0.01,1
"44",4,"44","1",1,0.01,1
"45",4,"45","1",1,0.01,1
"46",4,"46","1",0.992857142857143,0.01,1
"47",4,"47","1",1,0.01,1
"48",4,"48","1",1,0.01,1
"49",4,"49","1",0.992957746478873,0.01,1
"50",4,"50","1",0.993288590604027,0.01,1
"51",4,"51","1",1,0.01,1
"52",4,"52","1",0.983739837398374,0.01,1
"53",4,"53","1",0.992424242424242,0.01,1
"54",4,"54","1",1,0.01,1
"55",4,"55","1",0.993197278911565,0.01,1
"56",4,"56","1",1,0.01,1
"57",4,"57","1",0.99290780141844,0.01,1
"58",4,"58","1",1,0.01,1
"59",4,"59","1",1,0.01,1
"60",4,"60","1",1,0.01,1
"61",4,"61","1",0.993103448275862,0.01,1
"62",4,"62","1",0.992592592592593,0.01,1
"63",4,"63","1",1,0.01,1
"64",4,"64","1",1,0.01,1
"65",4,"65","1",0.99264705882353,0.01,1
"66",4,"66","1",1,0.01,1
"67",4,"67","1",1,0.01,1
"68",4,"68","1",1,0.01,1
"69",4,"69","1",1,0.01,1
"70",4,"70","1",1,0.01,1
"71",4,"71","1",0.984375,0.01,1
"72",4,"72","1",0.993333333333333,0.01,1
"73",4,"73","1",1,0.01,1
"74",4,"74","1",0.992805755395683,0.01,1
"75",4,"75","1",1,0.01,1
"76",4,"76","1",0.9921875,0.01,1
"77",4,"77","1",0.991935483870968,0.01,1
"78",4,"78","1",1,0.01,1
"79",4,"79","1",0.993589743589744,0.01,1
"80",4,"80","1",0.992424242424242,0.01,1
"81",4,"81","1",1.00680272108844,0.01,1
"82",4,"82","1",0.992125984251969,0.01,1
"83",4,"83","1",0.992805755395683,0.01,1
"84",4,"84","1",1,0.01,1
"85",4,"85","1",0.992700729927007,0.01,1
"86",4,"86","1",1,0.01,1
"87",4,"87","1",1,0.01,1
"88",4,"88","1",0.992857142857143,0.01,1
"89",4,"89","1",1,0.01,1
"90",4,"90","1",0.992857142857143,0.01,1
"91",4,"91","1",1,0.01,1
"92",4,"92","1",0.992957746478873,0.01,1
"93",4,"93","1",0.984962406015037,0.01,1
"94",4,"94","1",0.992125984251969,0.01,1
"95",4,"95","1",1,0.01,1
"96",4,"96","1",1,0.01,1
"97",4,"97","1",0.993055555555555,0.01,1
"98",4,"98","1",0.992424242424242,0.01,1
"99",4,"99","1",0.993055555555555,0.01,1
"100",4,"100","1",0.992481203007519,0.01,1
"101",4,"1","2",0.993150684931507,0.01,1
"102",4,"2","2",1,0.01,1
"103",4,"3","2",0.992366412213741,0.01,1
"104",4,"4","2",0.993006993006993,0.01,1
"105",4,"5","2",0.99290780141844,0.01,1
"106",4,"6","2",1,0.01,1
"107",4,"7","2",1,0.01,1
"108",4,"8","2",0.992700729927007,0.01,1
"109",4,"9","2",0.992957746478873,0.01,1
"110",4,"10","2",1,0.01,1
"111",4,"11","2",0.992857142857143,0.01,1
"112",4,"12","2",0.992957746478873,0.01,1
"113",4,"13","2",1,0.01,1
"114",4,"14","2",0.991869918699187,0.01,1
"115",4,"15","2",0.992805755395683,0.01,1
"116",4,"16","2",1,0.01,1
"117",4,"17","2",0.992700729927007,0.01,1
"118",4,"18","2",1,0.01,1
"119",4,"19","2",1,0.01,1
"120",4,"20","2",0.99290780141844,0.01,1
"121",4,"21","2",1,0.01,1
"122",4,"22","2",0.993055555555555,0.01,1
"123",4,"23","2",0.992957746478873,0.01,1
"124",4,"24","2",0.992063492063492,0.01,1
"125",4,"25","2",1,0.01,1
"126",4,"26","2",1,0.01,1
"127",4,"27","2",1.00617283950617,0.01,1
"128",4,"28","2",0.991525423728813,0.01,1
"129",4,"29","2",0.993006993006993,0.01,1
"130",4,"30","2",1,0.01,1
"131",4,"31","2",1,0.01,1
"132",4,"32","2",1,0.01,1
"133",4,"33","2",0.992592592592593,0.01,1
"134",4,"34","2",0.992592592592593,0.01,1
"135",4,"35","2",0.992700729927007,0.01,1
"136",4,"36","2",1,0.01,1
"137",4,"37","2",0.992481203007519,0.01,1
"138",4,"38","2",1.00636942675159,0.01,1
"139",4,"39","2",0.992424242424242,0.01,1
"140",4,"40","2",1,0.01,1
"141",4,"41","2",0.99290780141844,0.01,1
"142",4,"42","2",0.992753623188406,0.01,1
"143",4,"43","2",1,0.01,1
"144",4,"44","2",1,0.01,1
"145",4,"45","2",1,0.01,1
"146",4,"46","2",0.992857142857143,0.01,1
"147",4,"47","2",1,0.01,1
"148",4,"48","2",1,0.01,1
"149",4,"49","2",0.992957746478873,0.01,1
"150",4,"50","2",0.993288590604027,0.01,1
"151",4,"51","2",1,0.01,1
"152",4,"52","2",0.983739837398374,0.01,1
"153",4,"53","2",0.992424242424242,0.01,1
"154",4,"54","2",1,0.01,1
"155",4,"55","2",0.993197278911565,0.01,1
"156",4,"56","2",1,0.01,1
"157",4,"57","2",0.99290780141844,0.01,1
"158",4,"58","2",1,0.01,1
"159",4,"59","2",1,0.01,1
"160",4,"60","2",1,0.01,1
"161",4,"61","2",0.993103448275862,0.01,1
"162",4,"62","2",0.992592592592593,0.01,1
"163",4,"63","2",1,0.01,1
"164",4,"64","2",1,0.01,1
"165",4,"65","2",0.99264705882353,0.01,1
"166",4,"66","2",1,0.01,1
"167",4,"67","2",1,0.01,1
"168",4,"68","2",1,0.01,1
"169",4,"69","2",1,0.01,1
"170",4,"70","2",1,0.01,1
"171",4,"71","2",0.984375,0.01,1
"172",4,"72","2",0.993333333333333,0.01,1
"173",4,"73","2",1,0.01,1
"174",4,"74","2",0.992805755395683,0.01,1
"175",4,"75","2",1,0.01,1
"176",4,"76","2",0.9921875,0.01,1
"177",4,"77","2",0.991935483870968,0.01,1
"178",4,"78","2",1,0.01,1
"179",4,"79","2",0.993589743589744,0.01,1
"180",4,"80","2",0.992424242424242,0.01,1
"181",4,"81","2",1.00680272108844,0.01,1
"182",4,"82","2",0.992125984251969,0.01,1
"183",4,"83","2",0.992805755395683,0.01,1
"184",4,"84","2",1,0.01,1
"185",4,"85","2",0.992700729927007,0.01,1
"186",4,"86","2",1,0.01,1
"187",4,"87","2",1,0.01,1
"188",4,"88","2",0.992857142857143,0.01,1
"189",4,"89","2",1,0.01,1
"190",4,"90","2",0.992857142857143,0.01,1
"191",4,"91","2",1,0.01,1
"192",4,"92","2",0.992957746478873,0.01,1
"193",4,"93","2",0.984962406015037,0.01,1
"194",4,"94","2",0.992125984251969,0.01,1
"195",4,"95","2",1,0.01,1
"196",4,"96","2",1,0.01,1
"197",4,"97","2",0.993055555555555,0.01,1
"198",4,"98","2",0.992424242424242,0.01,1
"199",4,"99","2",0.993055555555555,0.01,1
"200",4,"100","2",0.992481203007519,0.01,1
"201",4,"1","3",0.958904109589041,0.01,1
"202",4,"2","3",0.960264900662252,0.01,1
"203",4,"3","3",0.954198473282443,0.01,1
"204",4,"4","3",0.958041958041958,0.01,1
"205",4,"5","3",0.957446808510638,0.01,1
"206",4,"6","3",0.964539007092199,0.01,1
"207",4,"7","3",0.95364238410596,0.01,1
"208",4,"8","3",0.948905109489051,0.01,1
"209",4,"9","3",0.957746478873239,0.01,1
"210",4,"10","3",0.948905109489051,0.01,1
"211",4,"11","3",0.957142857142857,0.01,1
"212",4,"12","3",0.957746478873239,0.01,1
"213",4,"13","3",0.955555555555555,0.01,1
"214",4,"14","3",0.959349593495935,0.01,1
"215",4,"15","3",0.956834532374101,0.01,1
"216",4,"16","3",0.958041958041958,0.01,1
"217",4,"17","3",0.963503649635037,0.01,1
"218",4,"18","3",0.957142857142857,0.01,1
"219",4,"19","3",0.96551724137931,0.01,1
"220",4,"20","3",0.950354609929078,0.01,1
"221",4,"21","3",0.962406015037594,0.01,1
"222",4,"22","3",0.951388888888889,0.01,1
"223",4,"23","3",0.950704225352113,0.01,1
"224",4,"24","3",0.96031746031746,0.01,1
"225",4,"25","3",0.959459459459459,0.01,1
"226",4,"26","3",0.951388888888889,0.01,1
"227",4,"27","3",0.962962962962963,0.01,1
"228",4,"28","3",0.957627118644068,0.01,1
"229",4,"29","3",0.951048951048951,0.01,1
"230",4,"30","3",0.954248366013072,0.01,1
"231",4,"31","3",0.956521739130435,0.01,1
"232",4,"32","3",0.952054794520548,0.01,1
"233",4,"33","3",0.962962962962963,0.01,1
"234",4,"34","3",0.948148148148148,0.01,1
"235",4,"35","3",0.956204379562044,0.01,1
"236",4,"36","3",0.958620689655172,0.01,1
"237",4,"37","3",0.954887218045113,0.01,1
"238",4,"38","3",0.961783439490446,0.01,1
"239",4,"39","3",0.954545454545454,0.01,1
"240",4,"40","3",0.962406015037594,0.01,1
"241",4,"41","3",0.957446808510638,0.01,1
"242",4,"42","3",0.956521739130435,0.01,1
"243",4,"43","3",0.955882352941177,0.01,1
"244",4,"44","3",0.964028776978417,0.01,1
"245",4,"45","3",0.951388888888889,0.01,1
"246",4,"46","3",0.957142857142857,0.01,1
"247",4,"47","3",0.957142857142857,0.01,1
"248",4,"48","3",0.954248366013072,0.01,1
"249",4,"49","3",0.957746478873239,0.01,1
"250",4,"50","3",0.953020134228188,0.01,1
"251",4,"51","3",0.958333333333333,0.01,1
"252",4,"52","3",0.951219512195122,0.01,1
"253",4,"53","3",0.954545454545454,0.01,1
"254",4,"54","3",0.952380952380952,0.01,1
"255",4,"55","3",0.952380952380952,0.01,1
"256",4,"56","3",0.958904109589041,0.01,1
"257",4,"57","3",0.950354609929078,0.01,1
"258",4,"58","3",0.958333333333333,0.01,1
"259",4,"59","3",0.959183673469388,0.01,1
"260",4,"60","3",0.96078431372549,0.01,1
"261",4,"61","3",0.958620689655172,0.01,1
"262",4,"62","3",0.962962962962963,0.01,1
"263",4,"63","3",0.962962962962963,0.01,1
"264",4,"64","3",0.960264900662252,0.01,1
"265",4,"65","3",0.963235294117647,0.01,1
"266",4,"66","3",0.959459459459459,0.01,1
"267",4,"67","3",0.958041958041958,0.01,1
"268",4,"68","3",0.961783439490446,0.01,1
"269",4,"69","3",0.957446808510638,0.01,1
"270",4,"70","3",0.958333333333333,0.01,1
"271",4,"71","3",0.953125,0.01,1
"272",4,"72","3",0.953333333333333,0.01,1
"273",4,"73","3",0.958620689655172,0.01,1
"274",4,"74","3",0.956834532374101,0.01,1
"275",4,"75","3",0.956834532374101,0.01,1
"276",4,"76","3",0.953125,0.01,1
"277",4,"77","3",0.959677419354839,0.01,1
"278",4,"78","3",0.948905109489051,0.01,1
"279",4,"79","3",0.955128205128205,0.01,1
"280",4,"80","3",0.954545454545454,0.01,1
"281",4,"81","3",0.959183673469388,0.01,1
"282",4,"82","3",0.952755905511811,0.01,1
"283",4,"83","3",0.949640287769784,0.01,1
"284",4,"84","3",0.957142857142857,0.01,1
"285",4,"85","3",0.956204379562044,0.01,1
"286",4,"86","3",0.963768115942029,0.01,1
"287",4,"87","3",0.964285714285714,0.01,1
"288",4,"88","3",0.964285714285714,0.01,1
"289",4,"89","3",0.958333333333333,0.01,1
"290",4,"90","3",0.957142857142857,0.01,1
"291",4,"91","3",0.958620689655172,0.01,1
"292",4,"92","3",0.950704225352113,0.01,1
"293",4,"93","3",0.954887218045113,0.01,1
"294",4,"94","3",0.960629921259842,0.01,1
"295",4,"95","3",0.96078431372549,0.01,1
"296",4,"96","3",0.960264900662252,0.01,1
"297",4,"97","3",0.958333333333333,0.01,1
"298",4,"98","3",0.962121212121212,0.01,1
"299",4,"99","3",0.951388888888889,0.01,1
"300",4,"100","3",0.954887218045113,0.01,1
"301",4,"1","1",1,0.05,2
"302",4,"2","1",1,0.05,2
"303",4,"3","1",1,0.05,2
"304",4,"4","1",1,0.05,2
"305",4,"5","1",0.99290780141844,0.05,2
"306",4,"6","1",1,0.05,2
"307",4,"7","1",1,0.05,2
"308",4,"8","1",1,0.05,2
"309",4,"9","1",1,0.05,2
"310",4,"10","1",1.00735294117647,0.05,2
"311",4,"11","1",0.992857142857143,0.05,2
"312",4,"12","1",1,0.05,2
"313",4,"13","1",1,0.05,2
"314",4,"14","1",1,0.05,2
"315",4,"15","1",1,0.05,2
"316",4,"16","1",1,0.05,2
"317",4,"17","1",1,0.05,2
"318",4,"18","1",1,0.05,2
"319",4,"19","1",1,0.05,2
"320",4,"20","1",1,0.05,2
"321",4,"21","1",1,0.05,2
"322",4,"22","1",1,0.05,2
"323",4,"23","1",1,0.05,2
"324",4,"24","1",1,0.05,2
"325",4,"25","1",1,0.05,2
"326",4,"26","1",1,0.05,2
"327",4,"27","1",1,0.05,2
"328",4,"28","1",1,0.05,2
"329",4,"29","1",1,0.05,2
"330",4,"30","1",1,0.05,2
"331",4,"31","1",1,0.05,2
"332",4,"32","1",1,0.05,2
"333",4,"33","1",1,0.05,2
"334",4,"34","1",1,0.05,2
"335",4,"35","1",0.992700729927007,0.05,2
"336",4,"36","1",1,0.05,2
"337",4,"37","1",1,0.05,2
"338",4,"38","1",1.00636942675159,0.05,2
"339",4,"39","1",1,0.05,2
"340",4,"40","1",1,0.05,2
"341",4,"41","1",1,0.05,2
"342",4,"42","1",1,0.05,2
"343",4,"43","1",1,0.05,2
"344",4,"44","1",1,0.05,2
"345",4,"45","1",1.00699300699301,0.05,2
"346",4,"46","1",1,0.05,2
"347",4,"47","1",1,0.05,2
"348",4,"48","1",1,0.05,2
"349",4,"49","1",1,0.05,2
"350",4,"50","1",1,0.05,2
"351",4,"51","1",1,0.05,2
"352",4,"52","1",1,0.05,2
"353",4,"53","1",1,0.05,2
"354",4,"54","1",1,0.05,2
"355",4,"55","1",1,0.05,2
"356",4,"56","1",1,0.05,2
"357",4,"57","1",1,0.05,2
"358",4,"58","1",1,0.05,2
"359",4,"59","1",1,0.05,2
"360",4,"60","1",1,0.05,2
"361",4,"61","1",1,0.05,2
"362",4,"62","1",1,0.05,2
"363",4,"63","1",1,0.05,2
"364",4,"64","1",0.993421052631579,0.05,2
"365",4,"65","1",1,0.05,2
"366",4,"66","1",1,0.05,2
"367",4,"67","1",1,0.05,2
"368",4,"68","1",1,0.05,2
"369",4,"69","1",1,0.05,2
"370",4,"70","1",1,0.05,2
"371",4,"71","1",1,0.05,2
"372",4,"72","1",1,0.05,2
"373",4,"73","1",1,0.05,2
"374",4,"74","1",1,0.05,2
"375",4,"75","1",1.00724637681159,0.05,2
"376",4,"76","1",1,0.05,2
"377",4,"77","1",1.00819672131148,0.05,2
"378",4,"78","1",1.00735294117647,0.05,2
"379",4,"79","1",0.993589743589744,0.05,2
"380",4,"80","1",1,0.05,2
"381",4,"81","1",1,0.05,2
"382",4,"82","1",1,0.05,2
"383",4,"83","1",1,0.05,2
"384",4,"84","1",1,0.05,2
"385",4,"85","1",1,0.05,2
"386",4,"86","1",1,0.05,2
"387",4,"87","1",1,0.05,2
"388",4,"88","1",1,0.05,2
"389",4,"89","1",1.00699300699301,0.05,2
"390",4,"90","1",1,0.05,2
"391",4,"91","1",1,0.05,2
"392",4,"92","1",1,0.05,2
"393",4,"93","1",0.992424242424242,0.05,2
"394",4,"94","1",1,0.05,2
"395",4,"95","1",1,0.05,2
"396",4,"96","1",1,0.05,2
"397",4,"97","1",1,0.05,2
"398",4,"98","1",1,0.05,2
"399",4,"99","1",1,0.05,2
"400",4,"100","1",1,0.05,2
"401",4,"1","2",1,0.05,2
"402",4,"2","2",1,0.05,2
"403",4,"3","2",1,0.05,2
"404",4,"4","2",1,0.05,2
"405",4,"5","2",0.99290780141844,0.05,2
"406",4,"6","2",1,0.05,2
"407",4,"7","2",1,0.05,2
"408",4,"8","2",1,0.05,2
"409",4,"9","2",1,0.05,2
"410",4,"10","2",1.00735294117647,0.05,2
"411",4,"11","2",0.992857142857143,0.05,2
"412",4,"12","2",1,0.05,2
"413",4,"13","2",1,0.05,2
"414",4,"14","2",1,0.05,2
"415",4,"15","2",1,0.05,2
"416",4,"16","2",1,0.05,2
"417",4,"17","2",1,0.05,2
"418",4,"18","2",1,0.05,2
"419",4,"19","2",1,0.05,2
"420",4,"20","2",1,0.05,2
"421",4,"21","2",1,0.05,2
"422",4,"22","2",1,0.05,2
"423",4,"23","2",1,0.05,2
"424",4,"24","2",1,0.05,2
"425",4,"25","2",1,0.05,2
"426",4,"26","2",1,0.05,2
"427",4,"27","2",1,0.05,2
"428",4,"28","2",1,0.05,2
"429",4,"29","2",1,0.05,2
"430",4,"30","2",1,0.05,2
"431",4,"31","2",1,0.05,2
"432",4,"32","2",1,0.05,2
"433",4,"33","2",1,0.05,2
"434",4,"34","2",1,0.05,2
"435",4,"35","2",0.992700729927007,0.05,2
"436",4,"36","2",1,0.05,2
"437",4,"37","2",1,0.05,2
"438",4,"38","2",1.00636942675159,0.05,2
"439",4,"39","2",1,0.05,2
"440",4,"40","2",1,0.05,2
"441",4,"41","2",1,0.05,2
"442",4,"42","2",1,0.05,2
"443",4,"43","2",1,0.05,2
"444",4,"44","2",1,0.05,2
"445",4,"45","2",1.00699300699301,0.05,2
"446",4,"46","2",1,0.05,2
"447",4,"47","2",1,0.05,2
"448",4,"48","2",1,0.05,2
"449",4,"49","2",1,0.05,2
"450",4,"50","2",1,0.05,2
"451",4,"51","2",1,0.05,2
"452",4,"52","2",1,0.05,2
"453",4,"53","2",1,0.05,2
"454",4,"54","2",1,0.05,2
"455",4,"55","2",1,0.05,2
"456",4,"56","2",1,0.05,2
"457",4,"57","2",1,0.05,2
"458",4,"58","2",1,0.05,2
"459",4,"59","2",1,0.05,2
"460",4,"60","2",1,0.05,2
"461",4,"61","2",1,0.05,2
"462",4,"62","2",1,0.05,2
"463",4,"63","2",1,0.05,2
"464",4,"64","2",0.993421052631579,0.05,2
"465",4,"65","2",1,0.05,2
"466",4,"66","2",1,0.05,2
"467",4,"67","2",1,0.05,2
"468",4,"68","2",1,0.05,2
"469",4,"69","2",1,0.05,2
"470",4,"70","2",1,0.05,2
"471",4,"71","2",1,0.05,2
"472",4,"72","2",1,0.05,2
"473",4,"73","2",1,0.05,2
"474",4,"74","2",1,0.05,2
"475",4,"75","2",1.00724637681159,0.05,2
"476",4,"76","2",1,0.05,2
"477",4,"77","2",1.00819672131148,0.05,2
"478",4,"78","2",1.00735294117647,0.05,2
"479",4,"79","2",0.993589743589744,0.05,2
"480",4,"80","2",1,0.05,2
"481",4,"81","2",1,0.05,2
"482",4,"82","2",1,0.05,2
"483",4,"83","2",1,0.05,2
"484",4,"84","2",1,0.05,2
"485",4,"85","2",1,0.05,2
"486",4,"86","2",1,0.05,2
"487",4,"87","2",1,0.05,2
"488",4,"88","2",1,0.05,2
"489",4,"89","2",1.00699300699301,0.05,2
"490",4,"90","2",1,0.05,2
"491",4,"91","2",1,0.05,2
"492",4,"92","2",1,0.05,2
"493",4,"93","2",0.992424242424242,0.05,2
"494",4,"94","2",1,0.05,2
"495",4,"95","2",1,0.05,2
"496",4,"96","2",1,0.05,2
"497",4,"97","2",1,0.05,2
"498",4,"98","2",1,0.05,2
"499",4,"99","2",1,0.05,2
"500",4,"100","2",1,0.05,2
"501",4,"1","3",0.96551724137931,0.05,2
"502",4,"2","3",0.960264900662252,0.05,2
"503",4,"3","3",0.961538461538462,0.05,2
"504",4,"4","3",0.964788732394366,0.05,2
"505",4,"5","3",0.957446808510638,0.05,2
"506",4,"6","3",0.964539007092199,0.05,2
"507",4,"7","3",0.95364238410596,0.05,2
"508",4,"8","3",0.955882352941177,0.05,2
"509",4,"9","3",0.964539007092199,0.05,2
"510",4,"10","3",0.955882352941177,0.05,2
"511",4,"11","3",0.957142857142857,0.05,2
"512",4,"12","3",0.964539007092199,0.05,2
"513",4,"13","3",0.955555555555555,0.05,2
"514",4,"14","3",0.967213114754098,0.05,2
"515",4,"15","3",0.963768115942029,0.05,2
"516",4,"16","3",0.958041958041958,0.05,2
"517",4,"17","3",0.970588235294118,0.05,2
"518",4,"18","3",0.957142857142857,0.05,2
"519",4,"19","3",0.96551724137931,0.05,2
"520",4,"20","3",0.957142857142857,0.05,2
"521",4,"21","3",0.962406015037594,0.05,2
"522",4,"22","3",0.958041958041958,0.05,2
"523",4,"23","3",0.957446808510638,0.05,2
"524",4,"24","3",0.968,0.05,2
"525",4,"25","3",0.959459459459459,0.05,2
"526",4,"26","3",0.951388888888889,0.05,2
"527",4,"27","3",0.957055214723926,0.05,2
"528",4,"28","3",0.965811965811966,0.05,2
"529",4,"29","3",0.957746478873239,0.05,2
"530",4,"30","3",0.954248366013072,0.05,2
"531",4,"31","3",0.956521739130435,0.05,2
"532",4,"32","3",0.952054794520548,0.05,2
"533",4,"33","3",0.970149253731343,0.05,2
"534",4,"34","3",0.955223880597015,0.05,2
"535",4,"35","3",0.956204379562044,0.05,2
"536",4,"36","3",0.958620689655172,0.05,2
"537",4,"37","3",0.962121212121212,0.05,2
"538",4,"38","3",0.961783439490446,0.05,2
"539",4,"39","3",0.961832061068702,0.05,2
"540",4,"40","3",0.962406015037594,0.05,2
"541",4,"41","3",0.964285714285714,0.05,2
"542",4,"42","3",0.963503649635037,0.05,2
"543",4,"43","3",0.955882352941177,0.05,2
"544",4,"44","3",0.964028776978417,0.05,2
"545",4,"45","3",0.958041958041958,0.05,2
"546",4,"46","3",0.964028776978417,0.05,2
"547",4,"47","3",0.957142857142857,0.05,2
"548",4,"48","3",0.954248366013072,0.05,2
"549",4,"49","3",0.964539007092199,0.05,2
"550",4,"50","3",0.959459459459459,0.05,2
"551",4,"51","3",0.958333333333333,0.05,2
"552",4,"52","3",0.966942148760331,0.05,2
"553",4,"53","3",0.961832061068702,0.05,2
"554",4,"54","3",0.952380952380952,0.05,2
"555",4,"55","3",0.958904109589041,0.05,2
"556",4,"56","3",0.958904109589041,0.05,2
"557",4,"57","3",0.957142857142857,0.05,2
"558",4,"58","3",0.958333333333333,0.05,2
"559",4,"59","3",0.959183673469388,0.05,2
"560",4,"60","3",0.96078431372549,0.05,2
"561",4,"61","3",0.965277777777778,0.05,2
"562",4,"62","3",0.970149253731343,0.05,2
"563",4,"63","3",0.962962962962963,0.05,2
"564",4,"64","3",0.953947368421053,0.05,2
"565",4,"65","3",0.97037037037037,0.05,2
"566",4,"66","3",0.959459459459459,0.05,2
"567",4,"67","3",0.958041958041958,0.05,2
"568",4,"68","3",0.961783439490446,0.05,2
"569",4,"69","3",0.957446808510638,0.05,2
"570",4,"70","3",0.958333333333333,0.05,2
"571",4,"71","3",0.968253968253968,0.05,2
"572",4,"72","3",0.959731543624161,0.05,2
"573",4,"73","3",0.958620689655172,0.05,2
"574",4,"74","3",0.963768115942029,0.05,2
"575",4,"75","3",0.963768115942029,0.05,2
"576",4,"76","3",0.960629921259842,0.05,2
"577",4,"77","3",0.975409836065574,0.05,2
"578",4,"78","3",0.955882352941177,0.05,2
"579",4,"79","3",0.955128205128205,0.05,2
"580",4,"80","3",0.961832061068702,0.05,2
"581",4,"81","3",0.952702702702703,0.05,2
"582",4,"82","3",0.96031746031746,0.05,2
"583",4,"83","3",0.956521739130435,0.05,2
"584",4,"84","3",0.957142857142857,0.05,2
"585",4,"85","3",0.963235294117647,0.05,2
"586",4,"86","3",0.963768115942029,0.05,2
"587",4,"87","3",0.964285714285714,0.05,2
"588",4,"88","3",0.971223021582734,0.05,2
"589",4,"89","3",0.965034965034965,0.05,2
"590",4,"90","3",0.964028776978417,0.05,2
"591",4,"91","3",0.958620689655172,0.05,2
"592",4,"92","3",0.957446808510638,0.05,2
"593",4,"93","3",0.962121212121212,0.05,2
"594",4,"94","3",0.968253968253968,0.05,2
"595",4,"95","3",0.96078431372549,0.05,2
"596",4,"96","3",0.960264900662252,0.05,2
"597",4,"97","3",0.965034965034965,0.05,2
"598",4,"98","3",0.969465648854962,0.05,2
"599",4,"99","3",0.958041958041958,0.05,2
"600",4,"100","3",0.962121212121212,0.05,2
"601",4,"1","1",1,0.1,3
"602",4,"2","1",1,0.1,3
"603",4,"3","1",1,0.1,3
"604",4,"4","1",1,0.1,3
"605",4,"5","1",0.99290780141844,0.1,3
"606",4,"6","1",1,0.1,3
"607",4,"7","1",1,0.1,3
"608",4,"8","1",1,0.1,3
"609",4,"9","1",1,0.1,3
"610",4,"10","1",1.00735294117647,0.1,3
"611",4,"11","1",0.992857142857143,0.1,3
"612",4,"12","1",1,0.1,3
"613",4,"13","1",1,0.1,3
"614",4,"14","1",1,0.1,3
"615",4,"15","1",1,0.1,3
"616",4,"16","1",1,0.1,3
"617",4,"17","1",1,0.1,3
"618",4,"18","1",1,0.1,3
"619",4,"19","1",1,0.1,3
"620",4,"20","1",1,0.1,3
"621",4,"21","1",1,0.1,3
"622",4,"22","1",1,0.1,3
"623",4,"23","1",1,0.1,3
"624",4,"24","1",1,0.1,3
"625",4,"25","1",1,0.1,3
"626",4,"26","1",1,0.1,3
"627",4,"27","1",1,0.1,3
"628",4,"28","1",1,0.1,3
"629",4,"29","1",1,0.1,3
"630",4,"30","1",1,0.1,3
"631",4,"31","1",1,0.1,3
"632",4,"32","1",1,0.1,3
"633",4,"33","1",1,0.1,3
"634",4,"34","1",1,0.1,3
"635",4,"35","1",0.992700729927007,0.1,3
"636",4,"36","1",1,0.1,3
"637",4,"37","1",1,0.1,3
"638",4,"38","1",1.00636942675159,0.1,3
"639",4,"39","1",1,0.1,3
"640",4,"40","1",1,0.1,3
"641",4,"41","1",1,0.1,3
"642",4,"42","1",1,0.1,3
"643",4,"43","1",1,0.1,3
"644",4,"44","1",1,0.1,3
"645",4,"45","1",1.00699300699301,0.1,3
"646",4,"46","1",1,0.1,3
"647",4,"47","1",1,0.1,3
"648",4,"48","1",1,0.1,3
"649",4,"49","1",1,0.1,3
"650",4,"50","1",1,0.1,3
"651",4,"51","1",1,0.1,3
"652",4,"52","1",1,0.1,3
"653",4,"53","1",1,0.1,3
"654",4,"54","1",1,0.1,3
"655",4,"55","1",1,0.1,3
"656",4,"56","1",1,0.1,3
"657",4,"57","1",1,0.1,3
"658",4,"58","1",1,0.1,3
"659",4,"59","1",1,0.1,3
"660",4,"60","1",1,0.1,3
"661",4,"61","1",1,0.1,3
"662",4,"62","1",1,0.1,3
"663",4,"63","1",1,0.1,3
"664",4,"64","1",0.993421052631579,0.1,3
"665",4,"65","1",1,0.1,3
"666",4,"66","1",1,0.1,3
"667",4,"67","1",1,0.1,3
"668",4,"68","1",1,0.1,3
"669",4,"69","1",1,0.1,3
"670",4,"70","1",1,0.1,3
"671",4,"71","1",1,0.1,3
"672",4,"72","1",1,0.1,3
"673",4,"73","1",1,0.1,3
"674",4,"74","1",1,0.1,3
"675",4,"75","1",1.00724637681159,0.1,3
"676",4,"76","1",1,0.1,3
"677",4,"77","1",1.00819672131148,0.1,3
"678",4,"78","1",1.00735294117647,0.1,3
"679",4,"79","1",0.993589743589744,0.1,3
"680",4,"80","1",1,0.1,3
"681",4,"81","1",1,0.1,3
"682",4,"82","1",1,0.1,3
"683",4,"83","1",1,0.1,3
"684",4,"84","1",1,0.1,3
"685",4,"85","1",1,0.1,3
"686",4,"86","1",1,0.1,3
"687",4,"87","1",1,0.1,3
"688",4,"88","1",1,0.1,3
"689",4,"89","1",1.00699300699301,0.1,3
"690",4,"90","1",1,0.1,3
"691",4,"91","1",1,0.1,3
"692",4,"92","1",1,0.1,3
"693",4,"93","1",0.992424242424242,0.1,3
"694",4,"94","1",1,0.1,3
"695",4,"95","1",1,0.1,3
"696",4,"96","1",1,0.1,3
"697",4,"97","1",1,0.1,3
"698",4,"98","1",1,0.1,3
"699",4,"99","1",1,0.1,3
"700",4,"100","1",1,0.1,3
"701",4,"1","2",1,0.1,3
"702",4,"2","2",1,0.1,3
"703",4,"3","2",1,0.1,3
"704",4,"4","2",1,0.1,3
"705",4,"5","2",0.99290780141844,0.1,3
"706",4,"6","2",1,0.1,3
"707",4,"7","2",1,0.1,3
"708",4,"8","2",1,0.1,3
"709",4,"9","2",1,0.1,3
"710",4,"10","2",1.00735294117647,0.1,3
"711",4,"11","2",0.992857142857143,0.1,3
"712",4,"12","2",1,0.1,3
"713",4,"13","2",1,0.1,3
"714",4,"14","2",1,0.1,3
"715",4,"15","2",1,0.1,3
"716",4,"16","2",1,0.1,3
"717",4,"17","2",1,0.1,3
"718",4,"18","2",1,0.1,3
"719",4,"19","2",1,0.1,3
"720",4,"20","2",1,0.1,3
"721",4,"21","2",1,0.1,3
"722",4,"22","2",1,0.1,3
"723",4,"23","2",1,0.1,3
"724",4,"24","2",1,0.1,3
"725",4,"25","2",1,0.1,3
"726",4,"26","2",1,0.1,3
"727",4,"27","2",1,0.1,3
"728",4,"28","2",1,0.1,3
"729",4,"29","2",1,0.1,3
"730",4,"30","2",1,0.1,3
"731",4,"31","2",1,0.1,3
"732",4,"32","2",1,0.1,3
"733",4,"33","2",1,0.1,3
"734",4,"34","2",1,0.1,3
"735",4,"35","2",0.992700729927007,0.1,3
"736",4,"36","2",1,0.1,3
"737",4,"37","2",1,0.1,3
"738",4,"38","2",1.00636942675159,0.1,3
"739",4,"39","2",1,0.1,3
"740",4,"40","2",1,0.1,3
"741",4,"41","2",1,0.1,3
"742",4,"42","2",1,0.1,3
"743",4,"43","2",1,0.1,3
"744",4,"44","2",1,0.1,3
"745",4,"45","2",1.00699300699301,0.1,3
"746",4,"46","2",1,0.1,3
"747",4,"47","2",1,0.1,3
"748",4,"48","2",1,0.1,3
"749",4,"49","2",1,0.1,3
"750",4,"50","2",1,0.1,3
"751",4,"51","2",1,0.1,3
"752",4,"52","2",1,0.1,3
"753",4,"53","2",1,0.1,3
"754",4,"54","2",1,0.1,3
"755",4,"55","2",1,0.1,3
"756",4,"56","2",1,0.1,3
"757",4,"57","2",1,0.1,3
"758",4,"58","2",1,0.1,3
"759",4,"59","2",1,0.1,3
"760",4,"60","2",1,0.1,3
"761",4,"61","2",1,0.1,3
"762",4,"62","2",1,0.1,3
"763",4,"63","2",1,0.1,3
"764",4,"64","2",0.993421052631579,0.1,3
"765",4,"65","2",1,0.1,3
"766",4,"66","2",1,0.1,3
"767",4,"67","2",1,0.1,3
"768",4,"68","2",1,0.1,3
"769",4,"69","2",1,0.1,3
"770",4,"70","2",1,0.1,3
"771",4,"71","2",1,0.1,3
"772",4,"72","2",1,0.1,3
"773",4,"73","2",1,0.1,3
"774",4,"74","2",1,0.1,3
"775",4,"75","2",1.00724637681159,0.1,3
"776",4,"76","2",1,0.1,3
"777",4,"77","2",1.00819672131148,0.1,3
"778",4,"78","2",1.00735294117647,0.1,3
"779",4,"79","2",0.993589743589744,0.1,3
"780",4,"80","2",1,0.1,3
"781",4,"81","2",1,0.1,3
"782",4,"82","2",1,0.1,3
"783",4,"83","2",1,0.1,3
"784",4,"84","2",1,0.1,3
"785",4,"85","2",1,0.1,3
"786",4,"86","2",1,0.1,3
"787",4,"87","2",1,0.1,3
"788",4,"88","2",1,0.1,3
"789",4,"89","2",1.00699300699301,0.1,3
"790",4,"90","2",1,0.1,3
"791",4,"91","2",1,0.1,3
"792",4,"92","2",1,0.1,3
"793",4,"93","2",0.992424242424242,0.1,3
"794",4,"94","2",1,0.1,3
"795",4,"95","2",1,0.1,3
"796",4,"96","2",1,0.1,3
"797",4,"97","2",1,0.1,3
"798",4,"98","2",1,0.1,3
"799",4,"99","2",1,0.1,3
"800",4,"100","2",1,0.1,3
"801",4,"1","3",0.96551724137931,0.1,3
"802",4,"2","3",0.960264900662252,0.1,3
"803",4,"3","3",0.961538461538462,0.1,3
"804",4,"4","3",0.964788732394366,0.1,3
"805",4,"5","3",0.957446808510638,0.1,3
"806",4,"6","3",0.964539007092199,0.1,3
"807",4,"7","3",0.95364238410596,0.1,3
"808",4,"8","3",0.955882352941177,0.1,3
"809",4,"9","3",0.964539007092199,0.1,3
"810",4,"10","3",0.955882352941177,0.1,3
"811",4,"11","3",0.957142857142857,0.1,3
"812",4,"12","3",0.964539007092199,0.1,3
"813",4,"13","3",0.955555555555555,0.1,3
"814",4,"14","3",0.967213114754098,0.1,3
"815",4,"15","3",0.963768115942029,0.1,3
"816",4,"16","3",0.958041958041958,0.1,3
"817",4,"17","3",0.970588235294118,0.1,3
"818",4,"18","3",0.957142857142857,0.1,3
"819",4,"19","3",0.96551724137931,0.1,3
"820",4,"20","3",0.957142857142857,0.1,3
"821",4,"21","3",0.962406015037594,0.1,3
"822",4,"22","3",0.958041958041958,0.1,3
"823",4,"23","3",0.957446808510638,0.1,3
"824",4,"24","3",0.968,0.1,3
"825",4,"25","3",0.959459459459459,0.1,3
"826",4,"26","3",0.951388888888889,0.1,3
"827",4,"27","3",0.957055214723926,0.1,3
"828",4,"28","3",0.965811965811966,0.1,3
"829",4,"29","3",0.957746478873239,0.1,3
"830",4,"30","3",0.954248366013072,0.1,3
"831",4,"31","3",0.956521739130435,0.1,3
"832",4,"32","3",0.952054794520548,0.1,3
"833",4,"33","3",0.970149253731343,0.1,3
"834",4,"34","3",0.955223880597015,0.1,3
"835",4,"35","3",0.956204379562044,0.1,3
"836",4,"36","3",0.958620689655172,0.1,3
"837",4,"37","3",0.962121212121212,0.1,3
"838",4,"38","3",0.961783439490446,0.1,3
"839",4,"39","3",0.961832061068702,0.1,3
"840",4,"40","3",0.962406015037594,0.1,3
"841",4,"41","3",0.964285714285714,0.1,3
"842",4,"42","3",0.963503649635037,0.1,3
"843",4,"43","3",0.955882352941177,0.1,3
"844",4,"44","3",0.964028776978417,0.1,3
"845",4,"45","3",0.958041958041958,0.1,3
"846",4,"46","3",0.964028776978417,0.1,3
"847",4,"47","3",0.957142857142857,0.1,3
"848",4,"48","3",0.954248366013072,0.1,3
"849",4,"49","3",0.964539007092199,0.1,3
"850",4,"50","3",0.959459459459459,0.1,3
"851",4,"51","3",0.958333333333333,0.1,3
"852",4,"52","3",0.966942148760331,0.1,3
"853",4,"53","3",0.961832061068702,0.1,3
"854",4,"54","3",0.952380952380952,0.1,3
"855",4,"55","3",0.958904109589041,0.1,3
"856",4,"56","3",0.958904109589041,0.1,3
"857",4,"57","3",0.957142857142857,0.1,3
"858",4,"58","3",0.958333333333333,0.1,3
"859",4,"59","3",0.959183673469388,0.1,3
"860",4,"60","3",0.96078431372549,0.1,3
"861",4,"61","3",0.965277777777778,0.1,3
"862",4,"62","3",0.970149253731343,0.1,3
"863",4,"63","3",0.962962962962963,0.1,3
"864",4,"64","3",0.953947368421053,0.1,3
"865",4,"65","3",0.97037037037037,0.1,3
"866",4,"66","3",0.959459459459459,0.1,3
"867",4,"67","3",0.958041958041958,0.1,3
"868",4,"68","3",0.961783439490446,0.1,3
"869",4,"69","3",0.957446808510638,0.1,3
"870",4,"70","3",0.958333333333333,0.1,3
"871",4,"71","3",0.968253968253968,0.1,3
"872",4,"72","3",0.959731543624161,0.1,3
"873",4,"73","3",0.958620689655172,0.1,3
"874",4,"74","3",0.963768115942029,0.1,3
"875",4,"75","3",0.963768115942029,0.1,3
"876",4,"76","3",0.960629921259842,0.1,3
"877",4,"77","3",0.975409836065574,0.1,3
"878",4,"78","3",0.955882352941177,0.1,3
"879",4,"79","3",0.955128205128205,0.1,3
"880",4,"80","3",0.961832061068702,0.1,3
"881",4,"81","3",0.952702702702703,0.1,3
"882",4,"82","3",0.96031746031746,0.1,3
"883",4,"83","3",0.956521739130435,0.1,3
"884",4,"84","3",0.957142857142857,0.1,3
"885",4,"85","3",0.963235294117647,0.1,3
"886",4,"86","3",0.963768115942029,0.1,3
"887",4,"87","3",0.964285714285714,0.1,3
"888",4,"88","3",0.971223021582734,0.1,3
"889",4,"89","3",0.965034965034965,0.1,3
"890",4,"90","3",0.964028776978417,0.1,3
"891",4,"91","3",0.958620689655172,0.1,3
"892",4,"92","3",0.957446808510638,0.1,3
"893",4,"93","3",0.962121212121212,0.1,3
"894",4,"94","3",0.968253968253968,0.1,3
"895",4,"95","3",0.96078431372549,0.1,3
"896",4,"96","3",0.960264900662252,0.1,3
"897",4,"97","3",0.965034965034965,0.1,3
"898",4,"98","3",0.969465648854962,0.1,3
"899",4,"99","3",0.958041958041958,0.1,3
"900",4,"100","3",0.962121212121212,0.1,3
